<?xml version="1.0" encoding="UTF-8"?>
<window id="109">
  <defaultcontrol always="true">11</defaultcontrol>
  <allowoverlay>yes</allowoverlay>
    <animation type="WindowOpen" reversible="false">
        <effect type="slide" start="0,600" end="0,0" easing="out" tween="back" time="400" />
        <effect type="fade" start="0" end="100" time="300" />
    </animation>
    <animation type="WindowClose" reversible="false">
        <effect type="slide" start="0,0" end="0,600" easing="in" tween="back" time="400" />
        <effect type="fade" start="100" end="0" time="300" />
    </animation>
  <controls>
    <include>Background</include>
	<control type="label" id="1" description='header'>
      <description>dialog Heading</description>
      <top>115</top>
      <font>font45</font>
	  <include>Heading2</include>
    </control>
	<control type="label" id="4" description="Edit Text">
      <left>735</left>
      <top>415</top>
      <width>465</width>
      <height>45</height>
      <align>center</align>
	  <font>font40</font>
      <align>center</align>
    </control>
	<control type="image" description="Edit BG">
      <left>735</left>
      <top>400</top>
      <width>465</width>
      <height>75</height>
	  <texture>images/textfield.png</texture>
      <texture border="8" flipy="true" colordiffuse="77000000">images/Buttonselect.png</texture>
    </control>
    <control type="group" description='Numeric 1'>
	<visible>Skin.HasSetting(b)</visible>
    <control type="group" description='numbers'>
			<top>515</top>
			<left>100</left>
			<control type="button" id="11" description="1">
				<include>Keyboard</include>
				<label>12311</label>
				<left>553</left>
				<onup>21</onup>
                <ondown>21</ondown>
				<onright>12</onright>
				<onleft>22</onleft>
			</control>               
            <control type="button" id="12" description="2">
				<include>Keyboard</include>
				<label>12312</label>
                <left>608</left>
                <onup>21</onup>
                <ondown>21</ondown>
				<onright>13</onright>
				<onleft>11</onleft>
            </control>			   
            <control type="button" id="13" description="3">
				<include>Keyboard</include>
				<label>12313</label>
                <left>661</left>
                <onup>21</onup>
                <ondown>21</ondown>
				<onright>14</onright>
				<onleft>12</onleft>
            </control>
            <control type="button" id="14" description="4">
				<include>Keyboard</include>
				<label>12314</label>
				<left>720</left>
                <onup>21</onup>
                <ondown>21</ondown>
				<onright>15</onright>
				<onleft>13</onleft>
            </control>
            <control type="button" id="15" description="5">
				<include>Keyboard</include>
				<label>12315</label>
                <left>775</left>
                <onup>21</onup>
                <ondown>21</ondown>
				<onright>16</onright>
				<onleft>14</onleft>
            </control>
            <control type="button" id="16" description="6">
				<include>Keyboard</include>
				<label>12316</label>
				<left>829</left>
                <onup>21</onup>
                <ondown>21</ondown>
				<onright>17</onright>
				<onleft>15</onleft>
            </control>
            <control type="button" id="17" description="7">
				<include>Keyboard</include>
				<label>12317</label>
				<left>890</left>
                <onup>21</onup>
                <ondown>21</ondown>
				<onright>18</onright>
				<onleft>16</onleft>
            </control>
            <control type="button" id="18" description="8">
				<include>Keyboard</include>
				<label>12318</label>
				<left>943</left>
                <onup>21</onup>
                <ondown>21</ondown>
				<onright>19</onright>
				<onleft>17</onleft>
            </control>
            <control type="button" id="19" description="9">
				<include>Keyboard</include>
				<label>12319</label>
				<left>1001</left>
                <onup>21</onup>
                <ondown>21</ondown>
				<onright>10</onright>
				<onleft>18</onleft>
            </control>
            <control type="button" id="10" description="0">
				<include>Keyboard</include>
				<label>12310</label>
				<left>1057</left>
                <onup>21</onup>
                <ondown>21</ondown>
				<onright>23</onright>
				<onleft>19</onleft>
            </control>
	        <control type="button" id="23" description="DELETE"> 
				<textcolor>Grey4</textcolor>
				<texturefocus>keyboard/delete.png</texturefocus>
				<texturenofocus colordiffuse="99000000">keyboard/delete.png</texturenofocus>
				<width>45</width>
				<height>33</height>
				<left>1131</left>
				<top>22</top>
				<onleft>10</onleft>
				<onright>20</onright>
				<onup>21</onup>
				<ondown>21</ondown>
			</control>		
		</control>	
	<control type="group" description='<,>'>
      <left>0</left>
      <top>515</top>
      <control type="button" id="20" description='PREVIOUS'>
		<include>Keyboard</include>
		<left>535</left>
        <label>&lt;</label>
        <onleft>23</onleft>
        <onright>22</onright>
        <onup>21</onup>
        <ondown>21</ondown>
      </control>
      <control type="button" id="22" description='next'>
        <include>Keyboard</include>
		<left>600</left>
        <label>&gt;</label>
        <onleft>20</onleft>
        <onright>11</onright>
        <onup>21</onup>
        <ondown>21</ondown>
      </control>
    </control>	
    <control type="button" id="21">
      <description>Done button</description>
      <texturefocus>keyboard/done2.png</texturefocus>
	  <texturenofocus>keyboard/done1.png</texturenofocus>
	  <left>845</left>
      <top>655</top>
      <height>90</height>
	  <width>239</width>
      <align>center</align>
      <textcolor>FFBEC4C4</textcolor>
	  <font>font39</font>
      <textwidth>285</textwidth>
      <label>$LOCALIZE[20177]</label>
      <onleft>11</onleft>
      <onright>10</onright>
      <onup>16</onup>
      <ondown>16</ondown>
    </control>
	</control>
	<control type="group" description='Numeric 2'>
      <visible>!Skin.HasSetting(b)</visible>
	  <left>840</left>
      <top>515</top>
      <control type="button" id="11" description='1'>
        <left>0</left>
        <top>0</top>
        <width>84</width>
        <height>84</height>
        <align>center</align>
		<include>Keyboard</include>
        <label>12311</label>
        <onleft>13</onleft>
        <onright>12</onright>
        <onup>23</onup>
        <ondown>14</ondown>
      </control>
      <control type="button" id="12" description='2'>
        <left>90</left>
        <top>0</top>
        <width>84</width>
        <height>84</height>
        <align>center</align>
		<include>Keyboard</include>
        <label>12312</label>
        <onleft>11</onleft>
        <onright>13</onright>
        <onup>23</onup>
        <ondown>15</ondown>
      </control>
      <control type="button" id="13" description='3'>
        <left>180</left>
        <top>0</top>
        <width>84</width>
        <height>84</height>
        <align>center</align>
		<include>Keyboard</include>
        <label>12313</label>
        <onleft>12</onleft>
        <onright>11</onright>
        <onup>23</onup>
        <ondown>16</ondown>
      </control>
      <control type="button" id="14" description='4'>
        <left>0</left>
        <top>90</top>
        <width>84</width>
        <height>84</height>
        <align>center</align>
		<include>Keyboard</include>
        <label>12314</label>
        <onleft>16</onleft>
        <onright>15</onright>
        <onup>11</onup>
        <ondown>17</ondown>
      </control>
      <control type="button" id="15" description='5'>
        <left>90</left>
        <top>90</top>
        <width>84</width>
        <height>84</height>
        <align>center</align>
		<include>Keyboard</include>
        <label>12315</label>
        <onleft>14</onleft>
        <onright>16</onright>
        <onup>12</onup>
        <ondown>18</ondown>
      </control>
      <control type="button" id="16" description='6'>
        <left>180</left>
        <top>90</top>
        <width>84</width>
        <height>84</height>
        <align>center</align>
		<include>Keyboard</include>
        <label>12316</label>
        <onleft>15</onleft>
        <onright>14</onright>
        <onup>13</onup>
        <ondown>19</ondown>
      </control>
      <control type="button" id="17" dedication='7'>
        <left>0</left>
        <top>180</top>
        <width>84</width>
        <height>84</height>
        <align>center</align>
		<include>Keyboard</include>
        <label>12317</label>
        <onleft>19</onleft>
        <onright>18</onright>
        <onup>14</onup>
        <ondown>20</ondown>
      </control>
      <control type="button" id="18" description='8'>
        <left>90</left>
        <top>180</top>
        <width>84</width>
        <height>84</height>
        <align>center</align>
		<include>Keyboard</include>
        <label>12318</label>
        <onleft>17</onleft>
        <onright>19</onright>
        <onup>15</onup>
        <ondown>10</ondown>
      </control>
      <control type="button" id="19" description='9'>
        <left>180</left>
        <top>180</top>
        <width>84</width>
        <height>84</height>
        <align>center</align>
		<include>Keyboard</include>
        <label>12319</label>
        <onleft>18</onleft>
        <onright>17</onright>
        <onup>16</onup>
        <ondown>22</ondown>
      </control>
      <control type="button" id="20" description='<'>
        <left>0</left>
        <top>270</top>
        <width>84</width>
        <height>84</height>
        <label>&lt;</label>
		<include>Keyboard</include>
        <align>center</align>
        <onleft>22</onleft>
        <onright>10</onright>
        <onup>17</onup>
        <ondown>21</ondown>
      </control>
      <control type="button" id="10" description='0'>
        <left>90</left>
        <top>270</top>
        <width>84</width>
        <height>84</height>
        <align>center</align>
		<include>Keyboard</include>
        <label>12310</label>
        <onleft>20</onleft>
        <onright>22</onright>
        <onup>18</onup>
        <ondown>21</ondown>
      </control>
      <control type="button" id="22" description='>'>
        <left>180</left>
        <top>270</top>
        <width>84</width>
        <height>84</height>
        <label>&gt;</label>
		<include>Keyboard</include>
        <align>center</align>
        <onleft>10</onleft>
        <onright>20</onright>
        <onup>19</onup>
        <ondown>21</ondown>
      </control>
      <control type="button" id="23" description='Backspace Button'>
       <texturefocus>keyboard/done2.png</texturefocus>
	   <texturenofocus>keyboard/done1.png</texturenofocus>
	   <left>165</left>
       <top>355</top>
       <width>239</width>
       <height>90</height>
       <align>center</align>
       <font>font39</font>
       <textwidth>285</textwidth>
       <label>$LOCALIZE[20181]</label>
       <textcolor>FFBEC4C4</textcolor>
	   <textcolorfocus>red</textcolorfocus>
       <onleft>13</onleft>
       <onright>11</onright>
       <onup>21</onup>
       <ondown>12</ondown>
       <!--texturenofocus border="8">images/Black.png</texturenofocus-->
      </control>
      <control type="button" id="21" description='Done Button'>
       <texturefocus>keyboard/done2.png</texturefocus>
	   <texturenofocus>keyboard/done1.png</texturenofocus>
	   <left>-135</left>
       <top>355</top>
       <height>90</height>
 	   <width>239</width>
       <align>center</align>
       <textcolor>FFBEC4C4</textcolor>
	   <font>font39</font>
       <textwidth>285</textwidth>
       <label>$LOCALIZE[20177]</label>
       <onleft>11</onleft>
       <onright>10</onright>
       <onup>16</onup>
       <ondown>16</ondown>
      </control>	  
    </control>	
	<!--control type='button' id="29" description="Numeric Change">
      <visible>Skin.HasSetting(b)</visible>
      <onclick>Skin.ToggleSetting(b)</onclick>
    </control>
    <control type='button' id="29" description="Numeric Change">
      <visible>!Skin.HasSetting(b)</visible>
      <onclick>Skin.ToggleSetting(b)</onclick>
    </control-->
 </controls>
</window>
