<?xml version="1.0" encoding="UTF-8"?>
<window>
    <defaultcontrol>10</defaultcontrol>
    <allowoverlay>no</allowoverlay>
    <backgroundcolor>Background</backgroundcolor>
    <views>10,11,12</views>
    <include>OpenClose</include>
    <controls>
        <include>Background</include>
        <control type="label" id="29">
            <description>passes the values up one level</description>
            <visible>False</visible>
        </control>
        <control type="label" id="30">
            <description>passes the values up one level</description>
            <visible>False</visible>
        </control>								
		<!-- EPG - VIDEO PREVIEW -->		
        <control type="group">
            <description>Timeline Media Window</description>
            <visible>Control.IsVisible(10)</visible>
            <left>1321</left>
            <top>30</top>
            <control type="image">
                <visible>!Player.HasMedia</visible>
                <left>5</left>
                <top>5</top>
                <width>458</width>
                <height>300</height>
                <texture>pvr/tvset.png</texture>
            </control>
            <control type="image">
                <visible>Player.HasMedia</visible>
                <left>0</left>
                <top>0</top>
                <width>468</width>
                <height>310</height>
                <texture>images/black.png</texture>
            </control>
            <control type="videowindow">
                <left>5</left>
                <top>5</top>
                <width>458</width>
                <height>310</height>
                <visible>Player.HasVideo</visible>
            </control>
            <control type="visualisation">
                <left>5</left>
                <top>5</top>
                <width>458</width>
                <height>310</height>
                <visible>Player.HasAudio</visible>
            </control>
        </control>								
<!--   --   -->			
        <control type="group">
            <description>Small Media Window</description>
            <include>Icon_Fade</include>
            <visible>Control.IsVisible(11) | Control.IsVisible(12)</visible>
            <control type="image">
                <visible>!Player.HasMedia</visible>
                <left>120</left>
                <top>80</top>
                <width>760</width>
                <height>495</height>
                <texture>pvr/tvset.png</texture>
            </control>
            <control type="videowindow">
                <left>120</left>
                <top>80</top>
                <width>760</width>
                <height>495</height>
                <visible>Player.HasVideo</visible>
            </control>
            <control type="visualisation">
                <left>120</left>
                <top>80</top>
                <width>760</width>
                <height>495</height>
                <visible>Player.HasAudio</visible>
            </control>
        </control>				
<!-- EPG - CHANNEL LIST + CONTENT -->			
        <control type="group" id="50">
            <include>OpenClose</include>
            <control type="group">
                <description>TV Guide Timeline</description>
                <visible>Control.IsVisible(10)</visible>
                <include>VisibleFade</include>
                <control type="image">
                    <top>348</top>
                    <width>1920</width>
                    <height>725</height>
                    <texture>timelineback.png</texture>
                </control>
                <control type="epggrid" id="10">
                    <description>EPG Grid</description>
                    <left>30</left>
                    <top>390</top>
                    <width>1890</width>
                    <height>658</height>
                    <pagecontrol>10</pagecontrol>
                    <scrolltime>350</scrolltime>
                    <timeblocks>24</timeblocks>
                    <rulerunit>6</rulerunit>										
                    <progresstexture border="5">pvr/EpgProgressIndicator.png</progresstexture>					
                    <onleft>31</onleft>
                    <onright>31</onright>
                    <onup>9000</onup>
                    <ondown>10</ondown>					
<!-- EPG - TOP BAR (TIME) -->					
                    <rulerlayout height="35">
                        <control type="label" id="2">
                            <left>10</left>
                            <width>34</width>
                            <height>29</height>
                            <font>font12</font>
                            <aligny>center</aligny>
							<textcolor>textcolor2</textcolor>
                            <selectedcolor>red</selectedcolor>
                            <align>left</align>
                            <label>$INFO[ListItem.Label]</label>
                        </control>
                    </rulerlayout>										
<!-- EPG - LEFT PANEL (CHANNELS) -->					
                    <channellayout height="52" width="400">
                        <animation effect="fade" start="110" time="200">UnFocus</animation>
                        <control type="label">
                            <width>40</width>
                            <height>52</height>
                            <font>font12</font>
                            <align>right</align>
                            <aligny>center</aligny>
                            <textcolor>Grey4</textcolor>
                            <selectedcolor>red</selectedcolor>
                            <info>ListItem.ChannelNumber</info>
                        </control>																		
						<control type="image" description="CHANNEL ICON">
							<left>52</left>
							<width>48</width>
							<height>47</height>
							<texture>$INFO[ListItem.Icon]</texture>
							<align>center</align>
							<aligny>center</aligny>
						</control>																								
                        <control type="label" id="1" description="CHANNEL NAME">
                            <left>112</left>
                            <width>272</width>
                            <height>52</height>
                            <font>font24</font>
                            <aligny>center</aligny>
							<textcolor>textcolor2</textcolor>
                            <selectedcolor>red</selectedcolor>
                            <align>left</align>
                            <scroll>false</scroll>
                            <label>$INFO[ListItem.ChannelName]</label>
                        </control>																		
						<!--control type="image">
							<left>300</left>
							<width>52</width>
							<height>52</height>
							<texture>$INFO[ListItem.Icon]</texture>
							<align>center</align>
							<aligny>center</aligny>
						</control-->																				
                    </channellayout>
                    <focusedchannellayout height="52" width="400">
                        <animation effect="fade" start="110" time="200">OnFocus</animation>																		
                        <control type="image" id="1">
                            <left>45</left>
                            <width>400</width>
                            <height>52</height>
                            <texture border="20" colordiffuse="buttondiffuseNF">pvr/pvrbuttonFO.png</texture>
                        </control>					
                        <control type="label">
                            <width>40</width>
                            <height>52</height>
                            <font>font12</font>
                            <align>right</align>
                            <aligny>center</aligny>
                            <textcolor>Grey4</textcolor>
                            <selectedcolor>red</selectedcolor>
                            <info>ListItem.ChannelNumber</info>
                        </control>												
						<control type="image" description="CHANNEL ICON">
							<left>48</left>
							<width>48</width>
							<height>47</height>
							<texture>$INFO[ListItem.Icon]</texture>
							<align>center</align>
							<aligny>center</aligny>
						</control>																								
                        <control type="label" id="1" description="CHANNEL NAME">
                            <left>112</left>
                            <width>272</width>
                            <height>52</height>
                            <font>font24</font>
                            <aligny>center</aligny>
							<textcolor>textcolor</textcolor>
                            <selectedcolor>red</selectedcolor>
                            <align>left</align>
                            <scroll>true</scroll>
                            <label>[B]$INFO[ListItem.ChannelName][/B]</label>
                        </control>																		
                    </focusedchannellayout>																								
<!-- EPG - RIGHT PANEL (CONTENT) -->					
                    <itemlayout height="52">
                    <control type="image" id="2">
							<left>0</left>
                            <width></width>
                            <height>52</height>
                            <aspectratio>stretch</aspectratio>
                            <texture border="20" fallback="pvr/pvrbuttonFB.png">$INFO[ListItem.Property(GenreType),pvr/,.png]</texture>
                        </control>							
                        <control type="label" id="1">
                            <visible>!ListItem.IsRecording</visible>
                            <left>10</left>
                            <width>-20</width>
                            <height>52</height>
                            <font>font12</font>
                            <aligny>center</aligny>
                            <textcolor>White3</textcolor>
                            <shadowcolor>-</shadowcolor>
                            <align>left</align>
                            <scroll>false</scroll>
                            <label>$INFO[ListItem.Label]</label>
                        </control>
                        <control type="label" id="1">
                            <visible>ListItem.IsRecording</visible>
                            <left>25</left>
                            <width>-35</width>
                            <height>52</height>
                            <font>font12</font>
                            <aligny>center</aligny>
                            <textcolor>red</textcolor>
                            <shadowcolor>-</shadowcolor>
                            <align>left</align>
                            <label>$INFO[ListItem.Label]</label>
                        </control>
                        <control type="image">
                            <left>0</left>
                            <top>13</top>
                            <width>25</width>
                            <height>25</height>
                            <texture>pvr/rec.png</texture>
                            <visible>ListItem.IsRecording</visible>
                        </control>
                        <control type="image">
                            <left>0</left>
                            <top>13</top>
                            <width>25</width>
                            <height>25</height>
                            <texture>pvr/timer.png</texture>
                            <visible>ListItem.HasTimer + !ListItem.IsRecording</visible>
                        </control>
                    </itemlayout>														
                    <focusedlayout height="52">																							
                        <control type="image" id="14">
							<animation effect="zoom" time="120" start="100" end="102" center="auto" tween="Back" easing="Out">Focus</animation>
							<left>0</left>							
							<top>10</top>
                            <width>-</width>
                            <height>52</height>
                            <include>right_listpanel_focused_shadow</include>
                        </control>	
                        <!--control type="image" id="2">
							<animation effect="zoom" time="120" start="100" end="102" center="auto" tween="Back" easing="Out">Focus</animation>
							<left>0</left>
                            <width>-</width>							
                            <height>52</height>
                            <aspectratio>stretch</aspectratio>
                            <texture border="20" fallback="pvr/pvrbutton.png">$INFO[ListItem.Property(GenreType),pvr/,.png]</texture>
                        </control-->						
                        <control type="image" id="14">
							<animation effect="zoom" time="120" start="100" end="102" center="auto" tween="Back" easing="Out">Focus</animation>
							<left>0</left>
                            <width>-</width>
                            <height>52</height>
                            <texture border="20">pvr/pvrbuttonFO.png</texture>
                        </control>							
                        <control type="label" id="1">
							<animation effect="zoom" time="120" start="100" end="102" center="auto" tween="Back" easing="Out">Focus</animation>
                            <visible>!ListItem.IsRecording</visible>
                            <left>10</left>
                            <width>-20</width>
                            <height>52</height>
                            <font>font12</font>
                            <aligny>center</aligny>
                            <textcolor>textcolor</textcolor>
                            <shadowcolor>-</shadowcolor>
                            <align>left</align>
                            <label>[B]$INFO[ListItem.Label][/B]</label>
                        </control>
                        <control type="label" id="1">
							<animation effect="zoom" time="120" start="100" end="102" center="auto" tween="Back" easing="Out">Focus</animation>
                            <visible>ListItem.IsRecording</visible>
                            <left>25</left>
                            <width>-35</width>
                            <height>52</height>
                            <font>font12</font>
                            <aligny>center</aligny>
                            <textcolor>red</textcolor>
                            <shadowcolor>-</shadowcolor>
                            <align>left</align>
                            <label>$INFO[ListItem.Label]</label>
                        </control>
                        <control type="image">
							<animation effect="zoom" time="120" start="100" end="102" center="auto" tween="Back" easing="Out">Focus</animation>
                            <left>0</left>
                            <top>13</top>
                            <width>25</width>
                            <height>25</height>
                            <texture>pvr/rec.png</texture>
                            <visible>ListItem.IsRecording</visible>
                        </control>
                        <control type="image">
							<animation effect="zoom" time="120" start="100" end="102" center="auto" tween="Back" easing="Out">Focus</animation>
                            <left>0</left>
                            <top>13</top>
                            <width>25</width>
                            <height>25</height>
                            <texture>pvr/timer.png</texture>
                            <visible>ListItem.HasTimer + !ListItem.IsRecording</visible>
                        </control>																	  								  
                    </focusedlayout>
                </control>												
<!--  EPG TOP INFO -->				
                <control type="group">
                    <visible>ListItem(10).HasEpg</visible>
                    <left>60</left>
                    <!--top>60</top-->															
					<control type="image" description="Line Split">
						<top>60</top>
						<width>1190</width>
						<height>1</height>
						<texture>images/LineL.png</texture>
						<aspectratio>stretch</aspectratio>
					</control>																				
                    <control type="label">
                        <description>header label</description>
                        <!--left>20</left-->
                        <top>26</top>
                        <width>1120</width>
                        <height>30</height>
                        <font>font26</font>
                        <label>$LOCALIZE[19047]</label>
                        <align>left</align>
                        <aligny>center</aligny>
                        <textcolor>textcolor2</textcolor>
                    </control>
                    <control type="label">
                        <description>Title label</description>
                        <left>20</left>
                        <top>70</top>
                        <width>1100</width>
                        <height>30</height>
                        <font>font33B</font>
                        <label>$INFO[ListItem.Title]</label>
                        <align>center</align>
                        <aligny>center</aligny>
                        <textcolor>textcolor2</textcolor>
                    </control>
                    <control type="group">
                        <!--control type="image">
                            <left>0</left>
                            <top>100</top>
                            <width>1160</width>
                            <height>1</height>
                            <texture>lines/Line.png</texture>
                            <aspectratio>stretch</aspectratio>
                        </control>
                        <control type="image">
                            <left>0</left>
                            <top>380</top>
                            <width>1160</width>
                            <height>1</height>
                            <texture>lines/Line.png</texture>
                            <aspectratio>stretch</aspectratio>
                        </control-->
                        <control type="textbox" id="400">
                            <description>Plot value</description>
                            <left>20</left>
                            <top>104</top>
                            <width>1080</width>
                            <height>218</height>
                            <font>font26</font>
                            <align>justify</align>
                            <pagecontrol>-</pagecontrol>
                            <label fallback="161">$INFO[ListItem.Plot]</label>
                        </control>
                        <control type="label">
                            <description>Duration</description>
                            <left>60</left>
                            <top>330</top>
                            <width>1000</width>
                            <height>25</height>
                            <align>center</align>
                            <font>font26</font>
                            <textcolor>Grey</textcolor>
                            <label>$LOCALIZE[180]: $INFO[ListItem.Duration] / $LOCALIZE[135]: $INFO[ListItem.Genre]</label>
                        </control>
                    </control>
                </control>												
            </control>
<!--  NOW - ID#11 --> 			
            <control type="group" description="NOW">
                <visible>Control.IsVisible(11)</visible>
                <include>VisibleFade</include>
                <include>left_Panel_livetv</include>
                <control type="group">
                    <left>1020</left>
                    <top>131</top>
                    <include>LargeListItemCount</include>
                    <control type="fixedlist" id="11">
                        <width>802</width>
                        <height>888</height>
                        <onleft condition="!Skin.HasSetting(ViewsMenuOff)">9000</onleft>
                        <onleft condition="Skin.HasSetting(ViewsMenuOff)">noop</onleft>
                        <onright condition="Skin.HasSetting(Scrollbars_Passive)">60</onright>
                        <onright condition="!Skin.HasSetting(Scrollbars_Passive)">noop</onright>
                        <onup>16</onup>
                        <ondown>16</ondown>
                        <pagecontrol>60</pagecontrol>
                        <viewtype label="535">list</viewtype>
                        <focusposition>3</focusposition>
                        <movement>4</movement>
                        <preloaditems>4</preloaditems>
                        <scrolltime>250</scrolltime>
                        <itemlayout width="802" height="111">						
							<control type="image">
								<height>100</height>
								<width>805</width>
								<include>right_listpanel_unfocused</include>
							</control>												
                            <control type="label">
                                <animation condition="IsEmpty(ListItem.Title)" effect="slide" start="0,0" end="0,18" time="0" reversible="true">Conditional</animation>
                                <left>10</left>
                                <width>40</width>
                                <height>100</height>
                                <font>font12</font>
                                <align>right</align>
                                <aligny>center</aligny>
                                <textcolor>Grey4</textcolor>
                                <selectedcolor>red</selectedcolor>
                                <info>ListItem.ChannelNumber</info>
                            </control>
                            <control type="label">
                                <animation condition="IsEmpty(ListItem.Title)" effect="slide" start="0,0" end="0,18" time="0" reversible="true">Conditional </animation>
                                <left>60</left>
                                <selectedcolor>red</selectedcolor>
                                <align>left</align>
                                <top>12</top>
                                <height>50</height>
                                <width>640</width>
                                <aligny>center</aligny>
                                <font>font30</font>
                                <label>$INFO[ListItem.Label]</label>
                            </control>
                            <control type="label">
                                <description>Label 2 Title</description>
                                <left>70</left>
                                <width>620</width>
                                <left>128</left>
                                <top>63</top>
                                <height>33</height>
                                <width>680</width>
                                <font>font24</font>
                                <scroll>false</scroll>
                                <label>$INFO[ListItem.ChannelName] - [COLOR Grey4]$INFO[ListItem.StartTime][/COLOR]</label>
                            </control>
                            <include>statusbiglist</include>
                        </itemlayout>
                        <focusedlayout height="111" width="802">
					      <control type="group">
                            <animation effect="zoom" time="120" start="100" end="105" center="auto" tween="Back" easing="Out">Focus</animation>
                            <control type="image">
                                <top>12</top>
                                <left>-50</left>
                                <height>100</height>
                                <width>905</width>
                                <include>right_listpanel_focused_shadow</include>
                            </control>
                            <control type="image">
                                <height>100</height>
                                <width>805</width>
                                <include>right_listpanel_focused</include>
                            </control>														
                            <control type="label">
                                <animation condition="IsEmpty(ListItem.Title)" effect="slide" start="0,0" end="0,18" time="0" reversible="true">Conditional</animation>
                                <left>10</left>
                                <width>40</width>
                                <height>100</height>
                                <font>font12</font>
                                <align>right</align>
                                <aligny>center</aligny>
                                <textcolor>Grey4</textcolor>
                                <selectedcolor>red</selectedcolor>
                                <info>ListItem.ChannelNumber</info>
                            </control>																																		
                            <control type="label">
                                <animation condition="IsEmpty(ListItem.Title)" effect="slide" start="0,0" end="0,18" time="0" reversible="true">Conditional </animation>
                                <left>60</left>
                                <selectedcolor>red</selectedcolor>
                                <align>left</align>
                                <top>12</top>
                                <height>50</height>
                                <width>640</width>
                                <aligny>center</aligny>
                                <font>font30</font>
								<scroll>true</scroll>
                                <label>$INFO[ListItem.Label]</label>
                            </control>
                            <control type="label">
                                <description>Label 2 Title</description>
                                <left>70</left>
                                <width>620</width>
                                <left>128</left>
                                <top>63</top>
                                <height>33</height>
                                <width>680</width>
                                <font>font24</font>
                                <scroll>true</scroll>
                                <label>$INFO[ListItem.ChannelName] - [COLOR Grey4]$INFO[ListItem.StartTime][/COLOR]</label>
                            </control>
                            <include>statusbiglist</include>
						  </control>
                        </focusedlayout>
                    </control>
                </control>
                <control type="scrollbar" id="60">
					<visible>Skin.HasSetting(Scrollbars_Active)</visible>
                    <left>39r</left>
                    <top>135</top>
                    <height>870</height>
                    <onleft>11</onleft>
                    <onright>noop</onright>
                </control>
                <control type="label">
                    <description>Page Count Label</description>
                    <left>40r</left>
                    <top>53r</top>
                    <width>500</width>
                    <height>20</height>
                    <font>font12</font>
                    <textcolor>Grey</textcolor>
                    <scroll>false</scroll>
                    <align>right</align>
                    <aligny>center</aligny>
                    <label>$LOCALIZE[31000] ([COLOR=White]$INFO[Container(16).CurrentPage]/$INFO[Container(16).NumPages][/COLOR])</label>
                </control>
            </control>
            <control type="group" description="NEXT">
                <visible>Control.IsVisible(12)</visible>
                <include>VisibleFade</include>
                <include>left_Panel_livetv</include>
                <control type="group">
                    <left>1020</left>
                    <top>131</top>
                    <include>LargeListItemCount</include>
                    <control type="fixedlist" id="12">
                        <width>802</width>
                        <height>888</height>
                        <onleft condition="!Skin.HasSetting(ViewsMenuOff)">9000</onleft>
                        <onleft condition="Skin.HasSetting(ViewsMenuOff)">noop</onleft>
                        <onright condition="Skin.HasSetting(Scrollbars_Passive)">60</onright>
                        <onright condition="!Skin.HasSetting(Scrollbars_Passive)">noop</onright>
                        <onup>16</onup>
                        <ondown>16</ondown>
                        <pagecontrol>60</pagecontrol>
                        <viewtype label="535">list</viewtype>
                        <focusposition>3</focusposition>
                        <movement>4</movement>
                        <preloaditems>4</preloaditems>
                        <scrolltime>250</scrolltime>
                        <itemlayout width="802" height="111">												
							<control type="image">
								<height>100</height>
								<width>805</width>
								<include>right_listpanel_unfocused</include>						
							</control>																					
                            <control type="label">
                                <animation condition="IsEmpty(ListItem.Title)" effect="slide" start="0,0" end="0,18" time="0" reversible="true">Conditional</animation>
                                <left>10</left>
                                <width>40</width>
                                <height>100</height>
                                <font>font12</font>
                                <align>right</align>
                                <aligny>center</aligny>
                                <textcolor>Grey4</textcolor>
                                <selectedcolor>red</selectedcolor>
                                <info>ListItem.ChannelNumber</info>
                            </control>
                            <control type="label">
                                <animation condition="IsEmpty(ListItem.Title)" effect="slide" start="0,0" end="0,18" time="0" reversible="true">Conditional </animation>
                                <left>60</left>
                                <selectedcolor>red</selectedcolor>
                                <align>left</align>
                                <top>12</top>
                                <height>50</height>
                                <width>640</width>
                                <aligny>center</aligny>
                                <font>font30</font>
								<scroll>false</scroll>
                                <label>$INFO[ListItem.Label]</label>
                            </control>
                            <control type="label">
                                <description>Label 2 Title</description>
                                <left>70</left>
                                <width>620</width>
                                <left>128</left>
                                <top>63</top>
                                <height>33</height>
                                <width>1320</width>
                                <font>font24</font>
                                <scroll>false</scroll>
                                <label>$INFO[ListItem.ChannelName] - [COLOR Grey4]$INFO[ListItem.StartTime][/COLOR]</label>
                            </control>							
                            <include>statusbiglist</include>
                        </itemlayout>
                        <focusedlayout height="111" width="802">																						
					      <control type="group">
                            <animation effect="zoom" time="120" start="100" end="105" center="auto" tween="Back" easing="Out">Focus</animation>
                            <control type="image">
                                <top>12</top>
                                <left>-50</left>
                                <height>100</height>
                                <width>905</width>
                                <include>right_listpanel_focused_shadow</include>
                            </control>
                            <control type="image">
                                <height>100</height>
                                <width>805</width>
                                <include>right_listpanel_focused</include>
                            </control>																												
                            <control type="label">
                                <animation condition="IsEmpty(ListItem.Title)" effect="slide" start="0,0" end="0,18" time="0" reversible="true">Conditional</animation>
                                <left>10</left>
                                <width>40</width>
                                <height>100</height>
                                <font>font12</font>
                                <align>right</align>
                                <aligny>center</aligny>
                                <textcolor>Grey4</textcolor>
                                <selectedcolor>red</selectedcolor>
                                <info>ListItem.ChannelNumber</info>
                            </control>																																		
                            <control type="label">
                                <animation condition="IsEmpty(ListItem.Title)" effect="slide" start="0,0" end="0,18" time="0" reversible="true">Conditional </animation>
                                <left>60</left>
                                <selectedcolor>red</selectedcolor>
                                <align>left</align>
                                <top>12</top>
                                <height>50</height>
                                <width>640</width>
                                <aligny>center</aligny>
                                <font>font30</font>
								<scroll>true</scroll>
                                <label>$INFO[ListItem.Label]</label>
                            </control>
                            <control type="label">
                                <description>Label 2 Title</description>
                                <left>70</left>
                                <left>128</left>
                                <top>63</top>
                                <height>33</height>
                                <width>620</width>
                                <font>font24</font>
                                <scroll>true</scroll>
                                <label>$INFO[ListItem.ChannelName] - [COLOR Grey4]$INFO[ListItem.StartTime][/COLOR]</label>
                            </control>
                            <include>statusbiglist</include>
						  </control>
                        </focusedlayout>
                    </control>
                </control>
                <!--control type="image">
                    <left>1020</left>
                    <width>1</width>
                    <height>1080</height>
                    <texture>lines/LineV.png</texture>
                </control-->
                <control type="scrollbar" id="60">
					<visible>Skin.HasSetting(Scrollbars_Active)</visible>
                    <left>39r</left>
                    <top>135</top>
                    <height>870</height>
                    <onleft>12</onleft>
                    <onright>noop</onright>
                </control>
                <control type="label">
                    <description>Page Count Label</description>
                    <left>40r</left>
                    <top>53r</top>
                    <width>500</width>
                    <height>20</height>
                    <font>font12</font>
                    <textcolor>gray</textcolor>
                    <scroll>false</scroll>
                    <align>right</align>
                    <aligny>center</aligny>
                    <label>$LOCALIZE[31000] ([COLOR=White]$INFO[Container(16).CurrentPage]/$INFO[Container(16).NumPages][/COLOR])</label>
                </control>
            </control>
        </control>				
        <control type="label">
            <visible>Control.IsVisible(10)</visible>
            <centerleft>960</centerleft>
            <width>800</width>
            <align>center</align>
			<textcolor>textcolor2</textcolor>			
            <label>$INFO[Control.GetLabel(29)] • $INFO[Control.GetLabel(30)]</label>
        </control>
        <control type="label">
            <visible>Control.IsVisible(11) | Control.IsVisible(12)</visible>
            <top>40</top>
            <centerleft>1440</centerleft>
            <width>800</width>
            <align>center</align>
			<textcolor>textcolor2</textcolor>			
            <label>$INFO[Control.GetLabel(29)] • $INFO[Control.GetLabel(30)]</label>
        </control>
        <control type="group" description="Side menu 9000 group">
            <include>menu9000</include>
        </control>
    </controls>
</window>
