<?xml version="1.0" encoding="UTF-8"?>
<window id="12">
    <defaultcontrol always="true">3</defaultcontrol>
    <backgroundcolor>Background</backgroundcolor>
    <allowoverlay>no</allowoverlay>
    <include>OpenClose</include>
    <controls>
        <include>Background</include>	
        <control type="label" id="2" description="Heading">
			<include>Heading2</include>
        </control>
        <control type="grouplist" id="3" description="LeftMenu">
            <left>70</left>
            <top>165</top>
            <width>400</width>
            <height>850</height>
            <align>left</align>
            <itemgap>8</itemgap>
            <onup>noop</onup>
            <ondown>20</ondown>
            <onright>5</onright>
        </control>
        <control type="grouplist" id="5" description="Stage">
            <left>720</left>
            <top>165</top>
            <width>1100</width>
            <height>860</height>
            <align>left</align>
            <onup>noop</onup>
            <ondown>noop</ondown>
            <onright>noop</onright>
            <onleft>3</onleft>
            <itemgap>8</itemgap>
            <pagecontrol>60</pagecontrol>
        </control>
        <control type="button" id="7" description="Button">
            <font>font36</font>
			<textoffsetx>20</textoffsetx>
            <align>left</align>
			<texturenofocus colordiffuse="$VAR[52maincolorbutton]">defaults/listviewfocus.png</texturenofocus>
			<texturefocus colordiffuse="FFFFFFFF">defaults/listviewfocus.png</texturefocus>
			<textcolor>$VAR[52maincolor]</textcolor>
			<focusedcolor>Black</focusedcolor>
        </control>
        <control type="radiobutton" id="8" description="Radio Button">
            <font>font36</font>
			<textoffsetx>20</textoffsetx>
            <align>left</align>
			<texturenofocus colordiffuse="$VAR[52maincolorbutton]">defaults/listviewfocus.png</texturenofocus>
			<texturefocus colordiffuse="FFFFFFFF">defaults/listviewfocus.png</texturefocus>
			<textcolor>$VAR[52maincolor]</textcolor>
			<focusedcolor>Black</focusedcolor>
		</control>
        <control type="spincontrolex" id="9" description="Spin control">
            <align>left</align>
            <font>font36</font>
			<texturenofocus colordiffuse="$VAR[52maincolorbutton]">defaults/listviewfocus.png</texturenofocus>
			<texturefocus colordiffuse="FFFFFFFF">defaults/listviewfocus.png</texturefocus>
			<textcolor>$VAR[52maincolor]</textcolor>
			<focusedcolor>Black</focusedcolor>
		</control>
        <control type="button" id="10" description="Category Button">
            <textoffsetx>20</textoffsetx>
            <font>font36</font>
			<texturenofocus colordiffuse="$VAR[52maincolorbutton]">defaults/listviewfocus.png</texturenofocus>
			<texturefocus colordiffuse="FFFFFFFF">defaults/listviewfocus.png</texturefocus>
			<textcolor>$VAR[52maincolor]</textcolor>
			<focusedcolor>Black</focusedcolor></control>
        <control type="sliderex" id="13">
            <description>Default Slider</description>
            <font>font36</font>
            <aligny>center</aligny>
        </control>
        <control type="scrollbar" id="60">
            <left>39r</left>
            <top>159</top>
            <height>861</height>
            <onleft>5</onleft>
            <onright>noop</onright>
        </control>
        <control type="button" id="20" description="Settings Level">
            <texturenofocus diffuse="defaults/addonbuttondiffuse.png">defaults/button.png</texturenofocus>
			<texturefocus diffuse="defaults/addonbuttondiffuse.png">defaults/buttonfocus.png</texturefocus>
			<top>900</top>
			<left>70</left>
            <font>font36</font>
			<texturenofocus colordiffuse="$VAR[52maincolorbutton]">defaults/listviewfocus.png</texturenofocus>
			<texturefocus colordiffuse="FFFFFFFF">defaults/listviewfocus.png</texturefocus>
			<textcolor>$VAR[52maincolor]</textcolor>
			<focusedcolor>Black</focusedcolor>
            <onclick>SettingsLevelChange</onclick>
			<onup>3</onup>
        </control>
    </controls>
</window>
