<?xml version="1.0" encoding="UTF-8"?>
<window id="103">
    <defaultcontrol always="true">300</defaultcontrol>
    <animation type="WindowOpen" reversible="false">
        <effect type="slide" start="0,600" end="0,0" easing="out" tween="back" time="400" />
        <effect type="fade" start="0" end="100" time="300" />
    </animation>
    <animation type="WindowClose" reversible="false">
        <effect type="slide" start="0,0" end="0,600" easing="in" tween="back" time="400" />
        <effect type="fade" start="100" end="0" time="300" />
    </animation>
	<controls>
		<include>Background</include>
		<control type="edit" id="312"description="EDIT Text"> 
				<animation condition="Control.IsVisible(9091)" effect="slide" start="0,0" end="0,-100" time="350" tween="circle" easing="inout">Conditional</animation>	
				<centerleft>960</centerleft>
                <top>420</top>
                <width>610</width>
                <height>80</height>
                <align>center</align>
				<font>font40</font>
				<onup>300</onup>
                <ondown>166</ondown>
				<onright>140</onright>
				<onleft>160</onleft>
				<textcolor>Grey4</textcolor>
				<texture colordiffuse="FFFFFF">textedit.png</texture>
        </control> 
		<control type="label" id="311" description='Label'>
                <top>130</top>
                <include>Heading2</include>
            </control>	
		<control type="group" description='Keyboard 1'>
			<visible>!Window.IsVisible(numericinput)</visible>
            <visible>Skin.HasSetting(a)</visible>			
			<control id='333' type="image" description='down header'>
                <left>810</left>
				<top>705</top>
				<font>font45</font>
                <width>305</width>
				<textcolor>Grey4</textcolor>
				<texture>keyboard/rectangle.png</texture>
			</control>        
            <control type="group" description='letters'>
			<top>530</top>
			<control type="button" id="140" description="A">
				<include>Keyboard</include>
				<left>235</left>
				<font>font47</font>
                <onup>312</onup>
                <ondown>100</ondown>
				<onright>164</onright>
				<onleft>32</onleft>
            </control>						
			<control type="button" id="164" description="B">
                <include>Keyboard</include>
				<font>font47</font>
				<left>292</left>
				<onup>312</onup>
                <ondown>100</ondown>
				<onright>162</onright>
				<onleft>140</onleft>
            </control>
            <control type="button" id="162" description="C">
             <include>Keyboard</include>
		     <left>349</left>
			 <onup>312</onup>
             <ondown>100</ondown>
	         <onright>142</onright>
			 <onleft>164</onleft>
            </control>
            <control type="button" id="142" description="D">
			 <include>Keyboard</include>
			 <left>405</left>
			 <onup>312</onup>
             <ondown>100</ondown>
	   	 	 <onright>122</onright>
			 <onleft>162</onleft>
            </control>	
			<control type="button" id="122" description="E">
				<include>Keyboard</include>
				<left>460</left>
				<onup>312</onup>
                <ondown>100</ondown>
				<onright>143</onright>
				<onleft>142</onleft>
            </control>
			<control type="button" id="143" description="F">
                <include>Keyboard</include>
				<left>517</left>
				<onup>312</onup>
                <ondown>100</ondown>
				<onright>144</onright>
				<onleft>122</onleft>
            </control>
			<control type="button" id="144" description="G">
			    <include>Keyboard</include>
				<left>575</left>
				<onup>312</onup>
                <ondown>100</ondown>
				<onright>145</onright>
				<onleft>143</onleft>
            </control>                    
			<control type="button" id="145" description="H">
			    <include>Keyboard</include>
				<left>633</left> 
				<onup>312</onup>
                <ondown>101</ondown>
				<onright>127</onright>
				<onleft>144</onleft>
            </control>
			<control type="button" id="127" description="I">
				<include>Keyboard</include>
				<left>690</left> 
				<onup>312</onup>
                <ondown>102</ondown>
				<onright>146</onright>
				<onleft>145</onleft>
            </control>
			<control type="button" id="146" description="J">
				<include>Keyboard</include>
				<left>744</left> 
				<onup>312</onup>
                <ondown>103</ondown>
				<onright>147</onright>
				<onleft>127</onleft>
            </control>                    
			<control type="button" id="147" description="K">
				<include>Keyboard</include>
				<left>801</left> 
				<onup>312</onup>
                <ondown>104</ondown>
				<onright>148</onright>
				<onleft>146</onleft>
            </control>
            <control type="button" id="148" description="L">
				<width>72</width>
				<include>Keyboard</include>
				<left>860</left>
				<onup>312</onup>
                <ondown>105</ondown>
				<onright>166</onright>
				<onleft>147</onleft>
            </control>
			<control type="button" id="166" description="M">
				<width>79</width>
				<aligny>center</aligny>
				<include>Keyboard</include>
				<left>910</left>
				<onup>312</onup>
                <ondown>106</ondown>
				<onright>165</onright>
				<onleft>148</onleft>
            </control>                     
            <control type="button" id="165" description="N">
				<include>Keyboard</include>
				<left>970</left> 
				<onup>312</onup>
                <ondown>107</ondown>
				<onright>128</onright>
				<onleft>166</onleft>
            </control>
			<control type="button" id="128" description="O">
				<include>Keyboard</include>
				<left>1027</left> 
				<onup>312</onup>
                <ondown>108</ondown>
				<onright>129</onright>
				<onleft>165</onleft>
            </control>
            <control type="button" id="129" description="P">
				<include>Keyboard</include>
				<left>1083</left> 
				<onup>312</onup>
                <ondown>109</ondown>
				<onright>120</onright>
				<onleft>128</onleft>
            </control>
            <control type="button" id="120" description="Q">
				<include>Keyboard</include>
				<left>1139</left> 
				<onup>312</onup>
                <ondown>149</ondown>
				<onright>123</onright>
				<onleft>129</onleft>
            </control>             
            <control type="button" id="123" description="R">
				<include>Keyboard</include>
				<left>1195</left> 
				<onup>312</onup>
                <ondown>169</ondown>
				<onright>141</onright>
				<onleft>120</onleft>
            </control>
            <control type="button" id="141" description="S">
				<include>Keyboard</include>
				<left>1253</left> 
				<onup>312</onup>
                <ondown>307</ondown>
				<onright>124</onright>
				<onleft>123</onleft>
            </control>
            <control type="button" id="124" description="T">
				<include>Keyboard</include>
				<left>1309</left> 
				<onup>312</onup>
                <ondown>305</ondown>
				<onright>126</onright>
				<onleft>141</onleft>
			</control>	
            <control type="button" id="126" description="U">
				<include>Keyboard</include>
				<left>1367</left> 
				<onup>312</onup>
                <ondown>306</ondown>
				<onright>163</onright>
				<onleft>124</onleft>>
            </control>
            <control type="button" id="163" description="V">
				<include>Keyboard</include>
				<left>1424</left> 
				<onup>312</onup>
                <ondown>306</ondown>
				<onright>121</onright>
				<onleft>126</onleft>
            </control>					
            <control type="button" id="121" description="W">
				<width>82</width>
				<include>Keyboard</include>
				<left>1478</left> 
				<onup>312</onup> 
                <ondown>306</ondown>
				<onright>161</onright>
				<onleft>163</onleft>
                    </control>
            <control type="button" id="161" description="X">
				<include>Keyboard</include>
				<left>1539</left> 
				<onup>312</onup>
                <ondown>306</ondown>
				<onright>125</onright>
				<onleft>121</onleft>
                    </control>					
            <control type="button" id="125" description="Y">
				<include>Keyboard</include>
				<left>1594</left> 
				<onup>312</onup>
                <ondown>306</ondown>
				<onright>160</onright>
				<onleft>161</onleft>
            </control>	
            <control type="button" id="160" description="Z">
				<include>Keyboard</include>
				<left>1650</left> 
				<onup>312</onup>
                <ondown>306</ondown>
				<onright>8</onright>
				<onleft>125</onleft>
            </control>
		    </control> 	
            <control type="group" description='numbers'>
			<top>615</top>
			<control type="button" id="100" description="1">
				<include>Keyboard</include>
				<left>553</left>
				<onup>144</onup>
                <ondown>303</ondown>
				<onright>101</onright>
				<onleft>306</onleft>
			</control>               
            <control type="button" id="101" description="2">
				<include>Keyboard</include>
                <left>608</left>
                <onup>145</onup>
                <ondown>303</ondown>
				<onright>102</onright>
				<onleft>100</onleft>
            </control>			   
            <control type="button" id="102" description="3">
				<include>Keyboard</include>
                <left>661</left>
                <onup>127</onup>
                <ondown>303</ondown>
				<onright>103</onright>
				<onleft>101</onleft>
            </control>
            <control type="button" id="103" description="4">
				<include>Keyboard</include>
				<left>720</left>
                <onup>146</onup>
                <ondown>303</ondown>
				<onright>104</onright>
				<onleft>102</onleft>
            </control>
            <control type="button" id="104" description="5">
				<include>Keyboard</include>
                <left>775</left>
                <onup>147</onup>
                <ondown>303</ondown>
				<onright>105</onright>
				<onleft>103</onleft>
            </control>
            <control type="button" id="105" description="6">
				<include>Keyboard</include>
				<left>829</left>
                <onup>148</onup>
                <ondown>303</ondown>
				<onright>106</onright>
				<onleft>104</onleft>
            </control>
            <control type="button" id="106" description="7">
				<include>Keyboard</include>>
				<left>890</left>
                <onup>166</onup>
                <ondown>302</ondown>
				<onright>107</onright>
				<onleft>105</onleft>
            </control>
            <control type="button" id="107" description="8">
				<include>Keyboard</include>
				<left>943</left>
                <onup>165</onup>
                <ondown>302</ondown>
				<onright>108</onright>
				<onleft>106</onleft>
            </control>
            <control type="button" id="108" description="9">
				<include>Keyboard</include>
				<left>1001</left>
                <onup>128</onup>
                <ondown>304</ondown>
				<onright>109</onright>
				<onleft>107</onleft>
            </control>
            <control type="button" id="109" description="0">
				<include>Keyboard</include>
				<left>1057</left>
                <onup>129</onup>
                <ondown>304</ondown>
				<onright>149</onright>
				<onleft>108</onleft>
            </control>
			<control type="button" id="149" description=":">
				<include>Keyboard</include>
				<left>1110</left>
                <onup>120</onup>
                <ondown>304</ondown>
				<onright>169</onright>
				<onleft>109</onleft>
            </control>
			<control type="button" id="169" description="@"> 
				<width>79</width>
				<include>Keyboard</include>
				<left>1163</left>
				<onup>123</onup>
                <ondown>304</ondown>
				<onright>307</onright>
				<onleft>149</onleft>
            </control>	
            <control type="button" id="305" description="PREVIOUS">
			    <include>Keyboard</include>
				<left>1290</left>
                <label>&lt;</label>
                <onleft>307</onleft>
                <onright>306</onright>
                <onup>124</onup>
                <ondown>304</ondown>
            </control>
            <control type="button" id="306" description="NEXT">
			    <include>Keyboard</include>
				<left>1350</left>
                <label>&gt;</label>
                <onleft>305</onleft>
                <onright>100</onright>
                <onup>126</onup>
                <ondown>304</ondown>
            </control>
            <control type="button" id="307" description="IP ADDRESS"> 
				<width>78</width>
				<include>Keyboard</include>
				<left>1227</left>
                <label>IP</label>
                <onup>141</onup>
                <ondown>304</ondown>
				<onright>305</onright>
				<onleft>169</onleft>
            </control>			
		    </control>	
            <control type="radiobutton" id="304" description="SYMBOLE">
                <textureradiofocus>images/quitfo.png</textureradiofocus>
				<textureradioleft>2</textureradioleft>
				<texturefocus>keyboard/select2.png</texturefocus>
			    <width>113</width>
				<height>74</height>
				<font>font37</font>
				<include>Keyboard</include>
				<left>1010</left>
                <top>700</top>
                <label>#+-</label>
                <onup>109</onup>
                <ondown>300</ondown>
				<onright>303</onright>
				<onleft>302</onleft>
            </control>	
			<control type="radiobutton" id="303" description="CAPS LOCK"> 
				<visible>Control.IsEnabled(303)</visible>
				<texturefocus>keyboard/select2.png</texturefocus>
			    <width>120</width>
				<height>74</height>
				<font>font37</font>
				<include>Keyboard</include>	
				<left>805</left>
                <top>700</top>
                <label>ABC</label>
                <onup>105</onup>
                <ondown>300</ondown>
				<onright>302</onright>
				<onleft>304</onleft>
            </control>
            <control type="radiobutton" id="302" description="SHIFT"> 
				<texturefocus>keyboard/select2.png</texturefocus>
			    <width>120</width>
				<height>74</height>
				<font>font36</font>
				<include>Keyboard</include>
                <left>910</left>
                <top>700</top>
                <label>Abc</label>
                <onup>107</onup>
                <ondown>300</ondown>
				<onright>304</onright>
				<onleft>303</onleft>
                <posx>100</posx>
                <posy>200</posy>
            </control>
			<control type="button" id="300" description="DONE">
                <texturefocus>keyboard/done2.png</texturefocus>
				<texturenofocus>keyboard/done1.png</texturenofocus>
				<textcolor>FFBEC4C4</textcolor>
				<font>font39</font>
				<left>840</left>
				<height>90</height>
				<width>239</width>
				<top>877</top>
                <label>20177</label>
                <onup>302</onup>
                <ondown>166</ondown>
				<onright>160</onright>
				<onleft>140</onleft>
            </control>	
            <control type="button" id="32" description="SPACE"> 
                <texturefocus>keyboard/spacefocus.png</texturefocus>
				<texturenofocus>keyboard/space.png</texturenofocus>
                <width>85</width>
				<height>39</height>
                <top>553</top>
				<left>142</left>
                <onleft>8</onleft>
                <onright>140</onright>
                <onup>312</onup>
                <ondown>100</ondown>
            </control>
            <control type="button" id="8" description="DELETE"> 
				<textcolor>Grey4</textcolor>
                <texturefocus>keyboard/deletefocus.png</texturefocus>
				<texturenofocus>keyboard/delete.png</texturenofocus>
				<width>45</width>
				<height>33</height>
				<left>1730</left>
				<top>553</top>
                <onleft>160</onleft>
                <onright>32</onright>
                <onup>312</onup>
                <ondown>306</ondown>
            </control>
		</control>
		<control type="group" description='Keyboard 2'>
            <visible>!Window.IsVisible(numericinput)</visible>
            <visible>!Skin.HasSetting(a)</visible>
            <control type="image">
                 <left>80</left>
				 <top>530</top>
                 <width>1760</width>
                 <height>300</height>
                 <texture border="50" colordiffuse="$VAR[homebanner]">keyboard/select2.png</texture>
            </control>
			<control type="group">
                <left>140</left>
                <top>560</top>
                <control type="grouplist" description='Line 1'>
                    <orientation>horizontal</orientation>
                    <itemgap>8</itemgap>
                    <control type="button" id="309" description='Layout Button'>
                        <width>310</width>
						<height>40</height>
                        <include>Keyboard2</include>
                        <label>20177</label>
                        <onup>312</onup>
                        <ondown>304</ondown>
                    </control>
                    <control type="button" id="100">
                        <description>'1' button</description>
                        <left>300</left>
                        <include>Keyboard2</include>
                        <onup>32</onup>
                        <ondown>120</ondown>
                    </control>
                    <control type="button" id="101">
                        <description>'2' button</description>
                        <left>430</left>
                        <include>Keyboard2</include>
                        <onup>32</onup>
                        <ondown>121</ondown>
                    </control>
                    <control type="button" id="102">
                        <description>'3' button</description>
                        <left>560</left>
                        <include>Keyboard2</include>
                        <onup>32</onup>
                        <ondown>122</ondown>
                    </control>
                    <control type="button" id="103">
                        <description>'4' button</description>
                        <left>690</left>
                        <top>0</top>
                        <include>Keyboard2</include>
                        <onup>32</onup>
                        <ondown>123</ondown>
                    </control>
                    <control type="button" id="104">
                        <description>'5' button</description>
                        <left>820</left>
                        <top>0</top>
                        <include>Keyboard2</include>
                        <onup>32</onup>
                        <ondown>124</ondown>
                    </control>
                    <control type="button" id="105">
                        <description>'6' button</description>
                        <left>950</left>
                        <include>Keyboard2</include>
                        <onup>32</onup>
                        <ondown>125</ondown>
                    </control>
                    <control type="button" id="106">
                        <description>'7' button</description>
                        <left>1080</left>
                        <include>Keyboard2</include>
                        <onup>305</onup>
                        <ondown>126</ondown>
                    </control>
                    <control type="button" id="107">
                        <description>'8' button</description>
                        <left>1210</left>
                        <include>Keyboard2</include>
                        <onup>305</onup>
                        <ondown>127</ondown>
                    </control>
                    <control type="button" id="108">
                        <description>'9' button</description>
                        <left>1340</left>
                        <include>Keyboard2</include>
                        <onup>306</onup>
                        <ondown>128</ondown>
                    </control>
                    <control type="button" id="109">
                        <description>'0' button</description>
                        <left>1470</left>
                        <include>Keyboard2</include>
                        <onup>306</onup>
                        <ondown>129</ondown>
                    </control>
                </control>
                <control type="grouplist">
                    <top>50</top>
                    <orientation>horizontal</orientation>
                    <itemgap>8</itemgap>
                    <control type="radiobutton" id="304">
                        <left>0</left>
                        <top>50</top>
                        <width>310</width>
                        <include>Keyboard2</include>
                        <label>20180</label>
                        <onup>309</onup>
                        <ondown>303</ondown>
                    </control>
                    <control type="button" id="120">
                        <left>300</left>
                        <top>50</top>
                        <include>Keyboard2</include>
                        <onup>100</onup>
                        <ondown>140</ondown>
                    </control>
                    <control type="button" id="121">
                        <left>430</left>
                        <top>50</top>
                        <include>Keyboard2</include>
                        <onup>101</onup>
                        <ondown>141</ondown>
                    </control>
                    <control type="button" id="122">
                        <description>'C' button</description>
                        <left>560</left>
                        <top>50</top>
                        <include>Keyboard2</include>
                        <onup>102</onup>
                        <ondown>142</ondown>
                    </control>
                    <control type="button" id="123">
                        <description>'D' button</description>
                        <left>690</left>
                        <top>50</top>
                        <include>Keyboard2</include>
                        <onup>103</onup>
                        <ondown>143</ondown>
                    </control>
                    <control type="button" id="124">
                        <description>'E' button</description>
                        <left>820</left>
                        <top>50</top>
                        <include>Keyboard2</include>
                        <onup>104</onup>
                        <ondown>144</ondown>
                    </control>
                    <control type="button" id="125">
                        <description>'F' button</description>
                        <left>950</left>
                        <top>50</top>
                        <include>Keyboard2</include>
                        <onup>105</onup>
                        <ondown>145</ondown>
                    </control>
                    <control type="button" id="126">
                        <left>1080</left>
                        <top>50</top>
                        <include>Keyboard2</include>
                        <onup>106</onup>
                        <ondown>146</ondown>
                    </control>
                    <control type="button" id="127">
                        <left>1210</left>
                        <top>50</top>
                        <include>Keyboard2</include>
                        <onup>107</onup>
                        <ondown>147</ondown>
                    </control>
                    <control type="button" id="128">
                        <left>1340</left>
                        <top>50</top>
                        <include>Keyboard2</include>
                        <onup>108</onup>
                        <ondown>148</ondown>
                    </control>
                    <control type="button" id="129">
                        <left>1470</left>
                        <top>50</top>
                        <include>Keyboard2</include>
                        <onup>109</onup>
                        <ondown>149</ondown>
                    </control>
                </control>
                <control type="grouplist">
                    <top>100</top>
                    <orientation>horizontal</orientation>
                    <itemgap>8</itemgap>
                    <control type="radiobutton" id="303">
                        <description>CAPS LOCK button</description>
                        <left>0</left>
                        <top>100</top>
                        <width>310</width>
                        <include>Keyboard2</include>
                        <label>20179</label>
                        <onup>304</onup>
                        <ondown>302</ondown>
                    </control>
                    <control type="button" id="140">
                        <include>Keyboard2</include>
                        <onup>120</onup>
                        <ondown>160</ondown>
                    </control>
                    <control type="button" id="141">
                        <include>Keyboard2</include>
                        <onup>121</onup>
                        <ondown>161</ondown>
                    </control>
                    <control type="button" id="142">
                        <include>Keyboard2</include>
                        <onup>122</onup>
                        <ondown>162</ondown>
                    </control>
                    <control type="button" id="143">
                        <include>Keyboard2</include>
                        <onup>123</onup>
                        <ondown>163</ondown>
                    </control>
                    <control type="button" id="144">
                        <include>Keyboard2</include>
                        <onup>124</onup>
                        <ondown>164</ondown>
                    </control>
                    <control type="button" id="145">
                        <include>Keyboard2</include>
                        <onup>125</onup>
                        <ondown>165</ondown>
                    </control>
                    <control type="button" id="146">
                        <include>Keyboard2</include>
                        <onup>126</onup>
                        <ondown>166</ondown>
                    </control>
                    <control type="button" id="147">
                        <include>Keyboard2</include>
                        <onup>127</onup>
                        <ondown>167</ondown>
                    </control>
                    <control type="button" id="148">
                        <include>Keyboard2</include>
                        <onup>128</onup>
                        <ondown>168</ondown>
                    </control>
                    <control type="button" id="149">
                        <include>Keyboard2</include>
                        <onup>129</onup>
                        <ondown>169</ondown>
                    </control>
                </control>
                <control type="grouplist">
                    <itemgap>8</itemgap>
                    <orientation>horizontal</orientation>
                    <top>150</top>
                    <control type="radiobutton" id="302">
                        <description>SHIFT button</description>
                        <left>0</left>
                        <top>150</top>
                        <width>310</width>
                        <include>Keyboard2</include>
                        <label>20178</label>
                        <onup>303</onup>
                        <ondown>307</ondown>
                    </control>
                    <control type="button" id="160">
                        <include>Keyboard2</include>
                        <onup>140</onup>
                        <ondown>300</ondown>
                    </control>
                    <control type="button" id="161">
                        <include>Keyboard2</include>
                        <onup>141</onup>
                        <ondown>32</ondown>
                    </control>
                    <control type="button" id="162">
                        <include>Keyboard2</include>
                        <onup>142</onup>
                        <ondown>32</ondown>
                    </control>
                    <control type="button" id="163">
                        <include>Keyboard2</include>
                        <onup>143</onup>
                        <ondown>32</ondown>
                        <textoffsetx>0</textoffsetx>
                        <focusedcolor>black</focusedcolor>
                    </control>
                    <control type="button" id="164">
                        <include>Keyboard2</include>
                        <onup>144</onup>
                        <ondown>306</ondown>
                    </control>
                    <control type="button" id="165">
                        <include>Keyboard2</include>
                        <onup>145</onup>
                        <ondown>306</ondown>
                    </control>
                    <control type="button" id="166">
                        <include>Keyboard2</include>
                        <onup>146</onup>
                        <ondown>306</ondown>
                    </control>
                    <control type="button" id="167">
                        <include>Keyboard2</include>
                        <onup>147</onup>
                        <ondown>300</ondown>
                    </control>
                    <control type="button" id="168">
                        <include>Keyboard2</include>
                        <onup>148</onup>
                        <ondown>300</ondown>
                    </control>
                    <control type="button" id="169">
                        <include>Keyboard2</include>
                        <onup>149</onup>
                        <ondown>300</ondown>
                    </control>
                </control>
 				<control type="grouplist">
                    <orientation>horizontal</orientation>
                    <itemgap>8</itemgap>
                    <top>200</top>
                    <control type="button" id="300">
                        <description>DONE button</description>
                        <width>320</width>
                        <include>DialogButt</include>
                        <label>20177</label>
                        <onup>302</onup>
						<ondown>9091</ondown>
                    </control>
                    <control type="button" id="307">
                        <description>IP ADDRESS button</description>
                        <width>320</width>
                        <include>DialogButt</include>
                        <label>1006</label>
                        <textoffsetx>0</textoffsetx>
                        <onup>160</onup>
                        <ondown>9091</ondown>
                        <focusedcolor>black</focusedcolor>
                    </control>
                    <control type="button" id="32">
                        <description>SPACE button</description>
                        <width>320</width>
                        <include>DialogButt</include>
                        <label>20182</label>
                        <textoffsetx>0</textoffsetx>
                        <focusedcolor>black</focusedcolor>
                        <onleft>307</onleft>
                        <onright>305</onright>
                        <onup>163</onup>
                        <ondown>9091</ondown>
                    </control>
                     <control type="button" id="8">
                        <description>SPACE button</description>
                        <width>320</width>
                        <include>DialogButt</include>
                        <label>20181</label>
                        <textoffsetx>0</textoffsetx>
                        <focusedcolor>black</focusedcolor>
                        <onleft>307</onleft>
                        <onright>305</onright>
                        <onup>163</onup>
                        <ondown>9091</ondown>
                    </control>
                    <control type="button" id="305">
                        <description>PREVIOUS button</description>
                        <width>160</width>
                        <include>DialogButt</include>
                        <label>&lt;</label>
                        <focusedcolor>black</focusedcolor>
                        <onleft>32</onleft>
                        <onright>306</onright>
                        <onup>164</onup>
                        <ondown>9091</ondown>
                    </control>
                    <control type="button" id="306">
                        <description>NEXT button</description>
                        <width>160</width>
                        
                        <label>&gt;</label>
                        <focusedcolor>black</focusedcolor>
                        <onleft>305</onleft>
                        <onright>307</onright>
                        <onup>166</onup>
                        <ondown>9091</ondown>
						<include>DialogButt</include>
                    </control>
                </control>
            </control>
        </control>		
		<!--control type='button' id="29" description="KeyboardChange">
          <visible>Skin.HasSetting(a)</visible>
          <onclick>Skin.ToggleSetting(a)</onclick>
        </control>
        <control type='button' id="29" description="KeyboardChange">
          <visible>!Skin.HasSetting(a)</visible>
          <onclick>Skin.ToggleSetting(a)</onclick>
        </control-->
		<control type="list" id="9091">
			<visible>true</visible>
			<left>80</left>
			<top>460</top>
			<width>1760</width>
			<height>750</height>
			<onup>300</onup>
			<ondown>9091</ondown>
			<onleft>9091</onleft>
			<onright>9091</onright>
			<onback>300</onback>
			<orientation>horizontal</orientation>
			<scrolltime tween="quadratic" easing="out">200</scrolltime>
			<itemlayout height="48" width="190">
				<control type="button">
					<width>180</width>
					<height>48</height>
				    <include>DialogButt</include> 
				</control>
				<control type="label">
					<align>center</align>
					<left>15</left>
					<width>155</width>
					<height>48</height>
					<font>font27</font>
					<label>$INFO[ListItem.Label]</label>
					<scroll>true</scroll>
				</control>					
			</itemlayout>
			<focusedlayout height="48" width="190">
				<control type="button">
					<width>180</width>
					<height>48</height>
					<include>DialogButt</include> 
				</control>
				<control type="label">
					<width>155</width>
					<align>center</align>
					<left>15</left>
					<width>125</width>
					<height>48</height>
					<font>font27</font>
					<label>$INFO[ListItem.Label]</label>
					<scroll>true</scroll>
				</control>
			</focusedlayout>
			<content limit="20">plugin://plugin.program.autocompletion?info=autocomplete&amp;&amp;id=$INFO[Control.GetLabel(312).Index(1)]</content>
		</control>
    </controls>
</window>