<?xml version="1.0" encoding="UTF-8"?>
<fonts>
    <fontset id="Default">
        <font>
            <name>font0</name>
            <filename>SystemRegular.ttf</filename>
            <size>0</size>
			<style>bold</style>
        </font>        
		<font>
            <name>font10</name>
            <filename>SystemRegular.ttf</filename>
            <size>10</size>
			<style>bold</style>
        </font>
		<font>
            <name>font11</name>
            <filename>SystemRegular.ttf</filename>
            <size>11</size>
        </font>
		<font>
            <name>font12</name>
            <filename>SystemRegular.ttf</filename>
            <size>12</size>
        </font>
		<font>
            <name>font13</name>
            <filename>SystemRegular.ttf</filename>
            <size>13</size>
        </font>
		<font>
            <name>font14</name>
            <filename>SystemRegular.ttf</filename>
            <size>14</size>
        </font>
		<font>
            <name>font15</name>
            <filename>SystemRegular.ttf</filename>
            <size>15</size>
        </font>
		<font>
            <name>font16</name>
            <filename>SystemRegular.ttf</filename>
            <size>16</size>
        </font>
		<font>
            <name>font17</name>
            <filename>SystemRegular.ttf</filename>
            <size>17</size>
        </font>
		<font>
            <name>font18</name>
            <filename>SystemRegular.ttf</filename>
            <size>18</size>
        </font>
		<font>
            <name>font19</name>
            <filename>SystemRegular.ttf</filename>
            <size>19</size>
        </font>
        <font>
            <name>font20</name>
            <filename>SystemRegular.ttf</filename>
            <size>20</size>
        </font>
        <font>
            <name>font21</name>
            <filename>SystemRegular.ttf</filename>
            <size>21</size>
        </font>
        <font>
            <name>font22</name>
            <filename>SystemRegular.ttf</filename>
            <size>22</size>
        </font>
        <font>
            <name>font23</name>
            <filename>SystemRegular.ttf</filename>
            <size>23</size>
        </font>
        <font>
            <name>font24</name>
            <filename>SystemRegular.ttf</filename>
            <size>24</size>
        </font>
		<font>
            <name>font24B</name>
            <filename>SystemRegular.ttf</filename>
            <size>24</size>
			<style>bold</style>
        </font>
        <font>
            <name>font25</name>
            <filename>SystemRegular.ttf</filename>
            <size>25</size>
        </font>
        <font>
            <name>font26</name>
            <filename>SystemRegular.ttf</filename>
            <size>26</size>
        </font>
        <font>
            <name>font27</name>
            <filename>SystemRegular.ttf</filename>
            <size>27</size>
        </font>
        <font>
            <name>font28</name>
            <filename>SystemRegular.ttf</filename>
            <size>28</size>
        </font>
        <font>
            <name>font29</name>
            <filename>SystemRegular.ttf</filename>
            <size>27</size>
        </font>
        <font>
            <name>font30</name>
            <filename>SystemRegular.ttf</filename>
            <size>30</size>
        </font>
        <font>
            <name>font30B</name>
            <filename>SystemRegular.ttf</filename>
            <size>30</size>
			<style>bold</style>
        </font>
        <font>
            <name>font31</name>
            <filename>SystemRegular.ttf</filename>
            <size>31</size>
        </font>
        <font>
            <name>font32</name>
            <filename>SystemRegular.ttf</filename>
            <size>32</size>
        </font>
        <font>
            <name>font33</name>
            <filename>SystemRegular.ttf</filename>
            <size>33</size>
        </font>	
        <font>
            <name>font33B</name>
            <filename>SystemRegular.ttf</filename>
            <size>33</size>
			<style>bold</style>
        </font>			
        <font>
            <name>font34</name>
            <filename>SystemRegular.ttf</filename>
            <size>34</size>
        </font>
        <font>
            <name>font35</name>
            <filename>SystemRegular.ttf</filename>
            <size>35</size>
        </font>
        <font>
            <name>font35B</name>
            <filename>SystemRegular.ttf</filename>
            <size>35</size>
			<style>bold</style>
        </font>
        <font>
            <name>font36</name>
            <filename>SystemRegular.ttf</filename>
            <size>36</size>
        </font>
        <font>
            <name>font37</name>
            <filename>SystemRegular.ttf</filename>
            <size>37</size>
        </font>
        <font>
            <name>font37B</name>
            <filename>SystemRegular.ttf</filename>
            <size>37</size>
			<style>bold</style>
        </font>		
        <font>
            <name>font38</name>
            <filename>SystemRegular.ttf</filename>
            <size>38</size>
        </font>
        <font>
            <name>font39</name>
            <filename>SystemRegular.ttf</filename>
            <size>39</size>
        </font>
        <font>
            <name>font40</name>
            <filename>SystemRegular.ttf</filename>
            <size>40</size>
        </font>
        <font>
            <name>font41</name>
            <filename>SystemRegular.ttf</filename>
            <size>41</size>
        </font>
        <font>
            <name>font42</name>
            <filename>SystemRegular.ttf</filename>
            <size>42</size>
        </font>

        <font>
            <name>font43</name>
            <filename>SystemRegular.ttf</filename>
            <size>43</size>
        </font>
        <font>
            <name>font44</name>
            <filename>SystemRegular.ttf</filename>
            <size>44</size>
        </font>       
		<font>
            <name>font44B</name>
            <filename>SystemRegular.ttf</filename>
            <size>44</size>
			<style>bold</style>
        </font>
        <font>
            <name>font45</name>
            <filename>SystemRegular.ttf</filename>
            <size>45</size>
        </font>
		<font>
            <name>font45B</name>
            <filename>SystemRegular.ttf</filename>
            <size>45</size>
			<style>bold</style>
        </font>
    </fontset>	
	<fontset id="Bold">
        <font>
            <name>font0</name>
            <filename>SystemBold.ttf</filename>
            <size>0</size>
        </font>
		<font>
            <name>font10B</name>
            <filename>SystemBold.ttf</filename>
            <size>10</size>
        </font>        
		<font>
            <name>font10</name>
            <filename>SystemBold.ttf</filename>
            <size>10</size>
        </font>
		<font>
            <name>font11</name>
            <filename>SystemBold.ttf</filename>
            <size>11</size>
        </font>
		<font>
            <name>font12</name>
            <filename>SystemBold.ttf</filename>
            <size>12</size>
        </font>
		<font>
            <name>font13</name>
            <filename>SystemBold.ttf</filename>
            <size>13</size>
        </font>
		<font>
            <name>font14</name>
            <filename>SystemBold.ttf</filename>
            <size>14</size>
        </font>
		<font>
            <name>font15</name>
            <filename>SystemBold.ttf</filename>
            <size>15</size>
        </font>
		<font>
            <name>font16</name>
            <filename>SystemBold.ttf</filename>
            <size>16</size>
        </font>
		<font>
            <name>font17</name>
            <filename>SystemBold.ttf</filename>
            <size>17</size>
        </font>
		<font>
            <name>font18</name>
            <filename>SystemBold.ttf</filename>
            <size>18</size>
        </font>
		<font>
            <name>font19</name>
            <filename>SystemBold.ttf</filename>
            <size>19</size>
        </font>
        <font>
            <name>font20</name>
            <filename>SystemBold.ttf</filename>
            <size>20</size>
        </font>
        <font>
            <name>font21</name>
            <filename>SystemBold.ttf</filename>
            <size>21</size>
        </font>
        <font>
            <name>font22</name>
            <filename>SystemBold.ttf</filename>
            <size>22</size>
        </font>
        <font>
            <name>font23</name>
            <filename>SystemBold.ttf</filename>
            <size>23</size>
        </font>
        <font>
            <name>font24</name>
            <filename>SystemBold.ttf</filename>
            <size>24</size>
        </font>
        <font>
            <name>font25</name>
            <filename>SystemBold.ttf</filename>
            <size>25</size>
        </font>
        <font>
            <name>font26</name>
            <filename>SystemBold.ttf</filename>
            <size>26</size>
        </font>
        <font>
            <name>font27</name>
            <filename>SystemBold.ttf</filename>
            <size>27</size>
        </font>
        <font>
            <name>font28</name>
            <filename>SystemBold.ttf</filename>
            <size>28</size>
        </font>
        <font>
            <name>font29</name>
            <filename>SystemBold.ttf</filename>
            <size>27</size>
        </font>
        <font>
            <name>font30</name>
            <filename>SystemBold.ttf</filename>
            <size>30</size>
        </font>
        <font>
            <name>font31</name>
            <filename>SystemBold.ttf</filename>
            <size>31</size>
        </font>
        <font>
            <name>font32</name>
            <filename>SystemBold.ttf</filename>
            <size>32</size>
        </font>
        <font>
            <name>font33</name>
            <filename>SystemBold.ttf</filename>
            <size>33</size>
        </font>	
        <font>
            <name>font33B</name>
            <filename>SystemBold.ttf</filename>
            <size>33</size>
        </font>		
        <font>
            <name>font34</name>
            <filename>SystemBold.ttf</filename>
            <size>34</size>
        </font>
        <font>
            <name>font35</name>
            <filename>SystemBold.ttf</filename>
            <size>35</size>
        </font>
        <font>
            <name>font36</name>
            <filename>SystemBold.ttf</filename>
            <size>36</size>
        </font>
        <font>
            <name>font37</name>
            <filename>SystemBold.ttf</filename>
            <size>37</size>
        </font>
        <font>
            <name>font37B</name>
            <filename>SystemBold.ttf</filename>
            <size>37</size>
        </font>		
        <font>
            <name>font38</name>
            <filename>SystemBold.ttf</filename>
            <size>38</size>
        </font>
        <font>
            <name>font39</name>
            <filename>SystemBold.ttf</filename>
            <size>39</size>
        </font>
        <font>
            <name>font40</name>
            <filename>SystemBold.ttf</filename>
            <size>40</size>
        </font>
        <font>
            <name>font41</name>
            <filename>SystemBold.ttf</filename>
            <size>41</size>
        </font>
        <font>
            <name>font42</name>
            <filename>SystemBold.ttf</filename>
            <size>42</size>
        </font>
        <font>
            <name>font43</name>
            <filename>SystemBold.ttf</filename>
            <size>43</size>
        </font>
        <font>
            <name>font44</name>
            <filename>SystemBold.ttf</filename>
            <size>44</size>
        </font>
        <font>
            <name>font45</name>
            <filename>SystemBold.ttf</filename>
            <size>45</size>
        </font>
        <font>
            <name>font45B</name>
            <filename>SystemBold.ttf</filename>
            <size>45</size>
        </font>		
    </fontset>	
    <fontset id="Thin">
        <font>
            <name>font0B</name>
            <filename>SystemThin.ttf</filename>
            <size>0</size>
			<style>bold</style>
        </font>	
        <font>
            <name>font10</name>
            <filename>SystemThin.ttf</filename>
            <size>10</size>
        </font>
        <font>
            <name>font10B</name>
            <filename>SystemThin.ttf</filename>
            <size>10</size>
			<style>bold</style>
        </font>	
		<font>
            <name>font11</name>
            <filename>SystemThin.ttf</filename>
            <size>11</size>
        </font>
		<font>
            <name>font12</name>
            <filename>SystemThin.ttf</filename>
            <size>12</size>
        </font>
		<font>
            <name>font13</name>
            <filename>SystemThin.ttf</filename>
            <size>13</size>
        </font>
		<font>
            <name>font14</name>
            <filename>SystemThin.ttf</filename>
            <size>14</size>
        </font>
		<font>
            <name>font15</name>
            <filename>SystemThin.ttf</filename>
            <size>15</size>
        </font>
		<font>
            <name>font16</name>
            <filename>SystemThin.ttf</filename>
            <size>16</size>
        </font>
		<font>
            <name>font17</name>
            <filename>SystemThin.ttf</filename>
            <size>17</size>
        </font>
		<font>
            <name>font18</name>
            <filename>SystemThin.ttf</filename>
            <size>18</size>
        </font>
		<font>
            <name>font19</name>
            <filename>SystemThin.ttf</filename>
            <size>19</size>
        </font>
        <font>
            <name>font20</name>
            <filename>SystemThin.ttf</filename>
            <size>20</size>
        </font>
        <font>
            <name>font21</name>
            <filename>SystemThin.ttf</filename>
            <size>21</size>
        </font>
        <font>
            <name>font22</name>
            <filename>SystemThin.ttf</filename>
            <size>22</size>
        </font>
        <font>
            <name>font23</name>
            <filename>SystemThin.ttf</filename>
            <size>23</size>
        </font>
        <font>
            <name>font24</name>
            <filename>SystemThin.ttf</filename>
            <size>24</size>
        </font>
        <font>
            <name>font25</name>
            <filename>SystemThin.ttf</filename>
            <size>25</size>
        </font>
        <font>
            <name>font26</name>
            <filename>SystemThin.ttf</filename>
            <size>26</size>
        </font>
        <font>
            <name>font27</name>
            <filename>SystemThin.ttf</filename>
            <size>27</size>
        </font>
        <font>
            <name>font28</name>
            <filename>SystemThin.ttf</filename>
            <size>28</size>
        </font>
        <font>
            <name>font29</name>
            <filename>SystemThin.ttf</filename>
            <size>27</size>
        </font>
        <font>
            <name>font30</name>
            <filename>SystemThin.ttf</filename>
            <size>30</size>
        </font>
        <font>
            <name>font31</name>
            <filename>SystemThin.ttf</filename>
            <size>31</size>
        </font>
        <font>
            <name>font32</name>
            <filename>SystemThin.ttf</filename>
            <size>32</size>
        </font>
        <font>
            <name>font33</name>
            <filename>SystemThin.ttf</filename>
            <size>33</size>
        </font>	
		<font>
            <name>font33B</name>
            <filename>SystemThin.ttf</filename>
            <size>33</size>
			<style>bold</style>
        </font>			
        <font>
            <name>font34</name>
            <filename>SystemThin.ttf</filename>
            <size>34</size>
        </font>
        <font>
            <name>font35</name>
            <filename>SystemThin.ttf</filename>
            <size>35</size>
        </font>
        <font>
            <name>font36</name>
            <filename>SystemThin.ttf</filename>
            <size>36</size>
        </font>
        <font>
            <name>font37</name>
            <filename>SystemThin.ttf</filename>
            <size>37</size>
        </font>
		<font>
            <name>font37B</name>
            <filename>SystemThin.ttf</filename>
            <size>37</size>
			<style>bold</style>
        </font>	
        <font>
            <name>font38</name>
            <filename>SystemThin.ttf</filename>
            <size>38</size>
        </font>
        <font>
            <name>font39</name>
            <filename>SystemThin.ttf</filename>
            <size>39</size>
        </font>
        <font>
            <name>font40</name>
            <filename>SystemThin.ttf</filename>
            <size>40</size>
        </font>
        <font>
            <name>font41</name>
            <filename>SystemThin.ttf</filename>
            <size>41</size>
        </font>
        <font>
            <name>font42</name>
            <filename>SystemThin.ttf</filename>
            <size>42</size>
        </font>
        <font>
            <name>font43</name>
            <filename>SystemThin.ttf</filename>
            <size>43</size>
        </font>
        <font>
            <name>font44</name>
            <filename>SystemThin.ttf</filename>
            <size>44</size>
        </font>
        <font>
            <name>font45</name>
            <filename>SystemThin.ttf</filename>
            <size>45</size>
        </font>
		<font>
            <name>font45B</name>
            <filename>SystemThin.ttf</filename>
            <size>45</size>
			<style>bold</style>
        </font>	
    </fontset>
    <fontset id="UltraThin">
        <font>
            <name>font0B</name>
            <filename>SystemUltralight.ttf</filename>
            <size>0</size>
			<style>bold</style>
        </font>	
		<font>
            <name>font10</name>
            <filename>SystemUltralight.ttf</filename>
            <size>10</size>
        </font>
		<font>
            <name>font10B</name>
            <filename>SystemUltralight.ttf</filename>
            <size>10</size>
			<style>bold</style>
        </font>	
		<font>
            <name>font11</name>
            <filename>SystemUltralight.ttf</filename>
            <size>11</size>
        </font>
		<font>
            <name>font12</name>
            <filename>SystemUltralight.ttf</filename>
            <size>12</size>
        </font>
		<font>
            <name>font13</name>
            <filename>SystemUltralight.ttf</filename>
            <size>13</size>
        </font>
		<font>
            <name>font14</name>
            <filename>SystemUltralight.ttf</filename>
            <size>14</size>
        </font>
		<font>
            <name>font15</name>
            <filename>SystemUltralight.ttf</filename>
            <size>15</size>
        </font>
		<font>
            <name>font16</name>
            <filename>SystemUltralight.ttf</filename>
            <size>16</size>
        </font>
		<font>
            <name>font17</name>
            <filename>SystemUltralight.ttf</filename>
            <size>17</size>
        </font>
		<font>
            <name>font18</name>
            <filename>SystemUltralight.ttf</filename>
            <size>18</size>
        </font>
		<font>
            <name>font19</name>
            <filename>SystemUltralight.ttf</filename>
            <size>19</size>
        </font>
        <font>
            <name>font20</name>
            <filename>SystemUltralight.ttf</filename>
            <size>20</size>
        </font>
        <font>
            <name>font21</name>
            <filename>SystemUltralight.ttf</filename>
            <size>21</size>
        </font>
        <font>
            <name>font22</name>
            <filename>SystemUltralight.ttf</filename>
            <size>22</size>
        </font>
        <font>
            <name>font23</name>
            <filename>SystemUltralight.ttf</filename>
            <size>23</size>
        </font>
        <font>
            <name>font24</name>
            <filename>SystemUltralight.ttf</filename>
            <size>24</size>
        </font>
        <font>
            <name>font25</name>
            <filename>SystemUltralight.ttf</filename>
            <size>25</size>
        </font>
        <font>
            <name>font26</name>
            <filename>SystemUltralight.ttf</filename>
            <size>26</size>
        </font>
        <font>
            <name>font27</name>
            <filename>SystemUltralight.ttf</filename>
            <size>27</size>
        </font>
        <font>
            <name>font28</name>
            <filename>SystemUltralight.ttf</filename>
            <size>28</size>
        </font>
        <font>
            <name>font29</name>
            <filename>SystemUltralight.ttf</filename>
            <size>27</size>
        </font>
        <font>
            <name>font30</name>
            <filename>SystemUltralight.ttf</filename>
            <size>30</size>
        </font>
        <font>
            <name>font31</name>
            <filename>SystemUltralight.ttf</filename>
            <size>31</size>
        </font>
        <font>
            <name>font32</name>
            <filename>SystemUltralight.ttf</filename>
            <size>32</size>
        </font>
        <font>
            <name>font33</name>
            <filename>SystemUltralight.ttf</filename>
            <size>33</size>
        </font>	
		<font>
            <name>font33B</name>
            <filename>SystemUltralight.ttf</filename>
            <size>33</size>
			<style>bold</style>
        </font>	
        <font>
            <name>font34</name>
            <filename>SystemUltralight.ttf</filename>
            <size>34</size>
        </font>
        <font>
            <name>font35</name>
            <filename>SystemUltralight.ttf</filename>
            <size>35</size>
        </font>
        <font>
            <name>font36</name>
            <filename>SystemUltralight.ttf</filename>
            <size>36</size>
        </font>
        <font>
            <name>font37</name>
            <filename>SystemUltralight.ttf</filename>
            <size>37</size>
        </font>
		<font>
            <name>font37B</name>
            <filename>SystemUltralight.ttf</filename>
            <size>37</size>
			<style>bold</style>
        </font>	
        <font>
            <name>font38</name>
            <filename>SystemUltralight.ttf</filename>
            <size>38</size>
        </font>
        <font>
            <name>font39</name>
            <filename>SystemUltralight.ttf</filename>
            <size>39</size>
        </font>
        <font>
            <name>font40</name>
            <filename>SystemUltralight.ttf</filename>
            <size>40</size>
        </font>
        <font>
            <name>font41</name>
            <filename>SystemUltralight.ttf</filename>
            <size>41</size>
        </font>
        <font>
            <name>font42</name>
            <filename>SystemUltralight.ttf</filename>
            <size>42</size>
        </font>
        <font>
            <name>font43</name>
            <filename>SystemUltralight.ttf</filename>
            <size>43</size>
        </font>
        <font>
            <name>font44</name>
            <filename>SystemUltralight.ttf</filename>
            <size>44</size>
        </font>
        <font>
            <name>font45</name>
            <filename>SystemUltralight.ttf</filename>
            <size>45</size>
        </font>
		<font>
            <name>font45B</name>
            <filename>SystemUltralight.ttf</filename>
            <size>45</size>
			<style>bold</style>
        </font>	
    </fontset>
</fonts>
