<?xml version="1.0" encoding="UTF-8"?>
<window>
    <views>14</views>
    <defaultcontrol>32</defaultcontrol>
    <allowoverlay>no</allowoverlay>
    <backgroundcolor>Background</backgroundcolor>
    <include>OpenClose</include>
    <controls>
        <include>Background</include>
        <control type="label" id="29">
            <description>passes the values up one level</description>
            <visible>False</visible>
        </control>
        <control type="label" id="30">
            <description>passes the values up one level</description>
            <visible>False</visible>
        </control>

        <control type="group" id="50">
            <include>OpenClose</include>
            <control type="group">
                <description>Timers group</description>
                <visible>Control.IsVisible(14)</visible>
                <include>VisibleFade</include>
                <control type="group">
                    <left>80</left>
                    <top>80</top>
                    <control type="grouplist">
                        <orientation>horizontal</orientation>
                        <left>0</left>
                        <top>20</top>
                        <width>1760</width>
                        <height>40</height>
                        <align>center</align>
                        <itemgap>20</itemgap>
                        <control type="label">
                            <description>Channel header label</description>
                            <width>340</width>
                            <height>40</height>
                            <font>font26_title</font>
                            <align>left</align>
                            <aligny>center</aligny>
							<textcolor>textcolor2</textcolor>
                            <label>19029</label>							
                        </control>
                        <control type="label">
                            <description>Date header label</description>
                            <width>540</width>
                            <height>40</height>
                            <font>font26_title</font>
                            <align>center</align>
                            <aligny>center</aligny>
							<textcolor>textcolor2</textcolor>
                            <label>DATE</label>
                        </control>
                        <control type="label">
                            <description>Title header label</description>
                            <width>440</width>
                            <height>40</height>
                            <font>font26_title</font>
                            <align>center</align>
                            <aligny>center</aligny>
							<textcolor>textcolor2</textcolor>
                            <label>369</label>
                        </control>
                        <control type="label">
                            <description>Status header label</description>
                            <width>280</width>
                            <height>40</height>
                            <font>font26_title</font>
                            <align>right</align>
                            <aligny>center</aligny>
							<textcolor>textcolor2</textcolor>
                            <label>126</label>
                        </control>
                    </control>
                    <control type="list" id="14">
                        <left>0</left>
                        <top>80</top>
                        <width>1760</width>
                        <height>480</height>
                        <onup>11</onup>
                        <ondown>11</ondown>
                        <onleft>9000</onleft>
                        <onright>60</onright>
                        <pagecontrol>70</pagecontrol>
                        <scrolltime>200</scrolltime>
                        <itemlayout height="51" width="1760">
                            <!--control type="image">
                                <width>1760</width>
                                <height>40</height>
                                <texture border="5">pstvButtonNoFocus.png</texture>
                                <colordiffuse>90FFFFFF</colordiffuse>
                            </control-->														
							<control type="image">
								<height>40</height>
								<width>1763</width>
								<include>right_listpanel_unfocused</include>						
							</control>																					
                            <control type="label">
                                <left>40</left>
                                <width>340</width>
                                <height>40</height>
                                <font>font26</font>
                                <align>left</align>
                                <aligny>center</aligny>
                                <textcolor>Grey4</textcolor>
                                <selectedcolor>red</selectedcolor>
                                <info>ListItem.ChannelName</info>
                            </control>
                            <control type="label">
                                <left>640</left>
                                <width>480</width>
                                <height>40</height>
                                <font>font26</font>
                                <align>center</align>
                                <aligny>center</aligny>
                                <textcolor>textcolor</textcolor>
                                <selectedcolor>red</selectedcolor>
                                <info>ListItem.Date</info>
                            </control>
                            <control type="label">
                                <left>1140</left>
                                <width>440</width>
                                <height>40</height>
                                <font>font26</font>
                                <align>left</align>
                                <aligny>center</aligny>
                                <textcolor>textcolor</textcolor>
                                <selectedcolor>red</selectedcolor>
                                <info>ListItem.label</info>
                            </control>
                            <control type="label">
                                <left>1720</left>
                                <width>280</width>
                                <height>40</height>
                                <font>font26</font>
                                <align>right</align>
                                <aligny>center</aligny>
                                <textcolor>Grey4</textcolor>
                                <selectedcolor>red</selectedcolor>
                                <info>ListItem.Comment</info>
                            </control>
                        </itemlayout>
                        <focusedlayout height="121" width="1760">												
                            <!--control type="image">
                                <width>1760</width>
                                <height>120</height>
                                <texture border="5">pstvButtonFocus.png</texture>
                                <colordiffuse>90777777</colordiffuse>
                            </control-->														
					      <control type="group">
                            <animation effect="zoom" time="120" start="100" end="105" center="auto" tween="Back" easing="Out">Focus</animation>
                            <control type="image">
                                <top>12</top>
                                <left>-50</left>
                                <height>110</height>
                                <width>1863</width>
                                <include>right_listpanel_focused_shadow</include>
                            </control>
                            <control type="image">
                                <height>110</height>
                                <width>1763</width>
                                <include>right_listpanel_focused</include>
                            </control>							
							
                            <control type="label">
                                <left>40</left>
                                <width>340</width>
                                <height>40</height>
                                <font>font26</font>
                                <align>left</align>
                                <aligny>center</aligny>
                                <textcolor>Grey4</textcolor>
                                <selectedcolor>red</selectedcolor>
                                <info>ListItem.ChannelName</info>
                            </control>
                            <control type="label">
                                <left>640</left>
                                <width>480</width>
                                <height>40</height>
                                <font>font26</font>
                                <align>center</align>
                                <aligny>center</aligny>
                                <textcolor>textcolor</textcolor>
                                <selectedcolor>red</selectedcolor>
                                <info>ListItem.Date</info>
                            </control>
                            <control type="label">
                                <left>1140</left>
                                <width>440</width>
                                <height>40</height>
                                <font>font26</font>
                                <align>left</align>
                                <aligny>center</aligny>
                                <textcolor>textcolor</textcolor>
                                <selectedcolor>red</selectedcolor>
                                <info>ListItem.label</info>
                            </control>
                            <control type="label">
                                <left>1720</left>
                                <width>280</width>
                                <height>40</height>
                                <font>font26</font>
                                <align>right</align>
                                <aligny>center</aligny>
                                <textcolor>Grey4</textcolor>
                                <selectedcolor>red</selectedcolor>
                                <info>ListItem.Comment</info>
                            </control>
                            <control type="textbox">
                                <description>Plot Value for TVShow</description>
                                <left>60</left>
                                <top>40</top>
                                <width>1600</width>
                                <height>70</height>
                                <font>font12</font>
                                <align>justify</align>
                                <textcolor>textcolor</textcolor>
                                <label>$INFO[ListItem.Plot]</label>
                            </control>
						  </control>
                        </focusedlayout>
                    </control>
                    <control type="scrollbar" id="60">
						<visible>Skin.HasSetting(Scrollbars_Active)</visible>
                        <left>1900</left>
                        <top>0</top>
                        <width>8</width>
                        <height>480</height>
                        <onleft>11</onleft>
                        <onright>35</onright>
                        <showonepage>false</showonepage>
                        <orientation>vertical</orientation>
                    </control>
                </control>
                <control type="label">
                    <description>Next timer date</description>
                    <left>210</left>
                    <top>1000</top>
                    <width>1500</width>
                    <height>60</height>
                    <align>center</align>
                    <aligny>center</aligny>
                    <label>$INFO[PVR.NextTimer]</label>
                    <visible>PVR.HasTimer</visible>
                </control>
                <control type="label">
                    <description>Page Count Label</description>
                    <left>40r</left>
                    <top>53r</top>
                    <width>500</width>
                    <height>20</height>
                    <font>font12</font>
                    <textcolor>gray</textcolor>
                    <scroll>false</scroll>
                    <align>right</align>
                    <aligny>center</aligny>
                    <label>$LOCALIZE[31000] ([COLOR=White]$INFO[Container(14).CurrentPage]/$INFO[Container(14).NumPages][/COLOR])</label>
                </control>
            </control>
        </control>

        <control type="label">
            <centerleft>960</centerleft>
            <width>800</width>
            <align>center</align>
            <label>$LOCALIZE[19040]</label>
        </control>

        <include>PVRsidemenu</include>

    </controls>
</window>
