<?xml version="1.0" encoding="UTF-8"?>
<window>
    <onload>RunScript(script.colorbox,info=blur,id='"$INFO[ListItem.Property(fanart_image)]"',radius=50,prefix=AddonInfo)</onload>
    <onunload>ClearProperty(AddonInfo.ImageColor,home)</onunload>
    <onunload>ClearProperty(AddonInfo.ImageFilter,home)</onunload>    
	<backgroundcolor>Background</backgroundcolor>
    <defaultcontrol always="true">51</defaultcontrol>
    <allowoverlay>no</allowoverlay>
    <views>50,51,53,54,55,500,501,502</views>
    <include condition="Control.IsVisible(54)">OpenClose</include>
    <controls>
        <include>Background</include>		
		<control type="image" description="Fanart">
		  <visible>!IsEmpty(ListItem.Property(fanart_image)) + Skin.HasSetting(Fanart)</visible>
		  <include>VisibleFade</include>
		  <include>Dimensions_Fullscreen</include>
		  <!--texture background="true">$INFO[ListItem.Property(fanart_image)]</texture-->
		  <texture>$INFO[Window(home).Property(AddonInfo.ImageUpdating)]</texture>
		  <aspectratio>scale</aspectratio>
		  <!--colordiffuse>10FFFFFF</colordiffuse-->
		</control>				
        <include>Videoviews</include>
        <control type="group">
            <include>WindowsTopInfos</include>
            <control type="label" description="Heading">
                <left>460</left>
				<font>font45B</font>
				<textcolor>FF828083</textcolor>
				<visible>IsEmpty(Container.FolderName)</visible>
                <include>HeadingR</include>
                <label>3</label>
            </control>
        </control>
        <control type="group" description="Side menu 9000 group">
			<include>menu9000</include>
        </control>
    </controls>
</window>
