<?xml version="1.0" encoding="UTF-8"?>
<window id="130" type="dialog">
  <defaultcontrol always="true">5</defaultcontrol>
  <allowoverlay>no</allowoverlay>
  <include>OpenClose</include>
  <controls>
    <include>Background</include>
    <control type="label" id="102" description="Profile Name">
      <include>HeadingR</include>
    </control>
    <control type="image" id="101" description="Profile image">
      <left>270</left>
      <top>330</top>
      <width>450</width>
      <height>450</height>
      <texture>def_user.png</texture>
      <aspectratio>scale</aspectratio>
    </control>
    <control type="label" id="103" description="Profile Directory">
      <left>990</left>
      <top>120</top>
      <width>810</width>
      <align>center</align>
      <font>font27</font>
	  <textcolor>textcolor2</textcolor>
    </control>
    <control type="group">
      <left>1020</left>
      <top>222</top>
      <control type="grouplist" id="5">
        <description>Control Area</description>
        <left>0</left>
        <top>0</top>
        <width>802</width>
        <height>810</height>
        <itemgap>15</itemgap>
        <aligny>top</aligny>
        <orientation>vertical</orientation>
        <onleft>noop</onleft>
        <onright>noop</onright>
        <onup>29</onup>
        <ondown>28</ondown>
      </control>
      <control type="button" id="7">
        <height>81</height>
        <align>left</align>
        <!--texturefocus border="8">images/Buttonselect.png</texturefocus-->
      </control>
      <control type="radiobutton" id="8">
        <height>81</height>
        <align>left</align>
        <!--texturefocus border="8">images/Buttonselect.png</texturefocus-->
      </control>
      <control type="spincontrolex" id="9">
        <height>81</height>
        <align>left</align>
        <!--texturefocus border="8">images/Buttonselect.png</texturefocus-->
      </control>  
	  <control type="group">
		<top>60</top>
		<control type="button" id="28" description="OK">
			<left>225</left>
			<top>531</top>
			<width>352</width>
			<label>186</label>
			<onleft>noop</onleft>
			<onright>noop</onright>
			<onup>5</onup>
			<ondown>29</ondown>
			<!--texturefocus border="8">images/Buttonselect.png</texturefocus>
			<texturenofocus border="8">images/Black.png</texturenofocus-->
		</control>
		<control type="button" id="29" description="Cancel">
			<left>225</left>
			<top>627</top>
			<width>352</width>
			<label>222</label>
			<onleft>noop</onleft>
			<onright>noop</onright>
			<onup>28</onup>
			<ondown>5</ondown>
			<!--texturefocus border="8">images/Buttonselect.png</texturefocus>
			<texturenofocus border="8">images/Black.png</texturenofocus-->
		</control>
	  </control>
    </control>
  </controls>
</window>
