<?xml version="1.0" encoding="utf-8"?>
<window>
	<defaultcontrol always="true">4000</defaultcontrol>
	<controls>
		<control type="image" description="Background">
			<width>1920</width>
			<height>1080</height>
			<texture fallback="common/black.png">$INFO[Window.Property(ImageFilter)]</texture>
		</control>
		<!--control type="image">
			<width>1920</width>
			<height>1080</height>
			<texture>test3.png</texture>
		</control-->
		<control type="image" description="banner">     
			<top>720</top>
			<height>500</height>
			<width>1920</width>
			<texture colordiffuse="77FFFFFF">images/white.png</texture>
		</control>		
		<!--control type="image" description="banner">     
			<height>1080</height>
			<width>1920</width>
			<texture>debuggrid1080.png</texture>
		</control-->

		<!--control type="grouplist" description='buttons'>
			<left>390</left>
			<top>540</top>
			<width>1200</width>
			<ondown>50</ondown>
			<itemgap>10</itemgap>
			<aligny>center</aligny>
			<align>left</align>
			<orientation>horizontal</orientation> 
			<control type="togglebutton" id="8" description="Play/browse to Show">
			  <height>85</height>
			  <width>150</width>
			  <texturefocus diffuse="videoinfo/buttondiffuse.png">Videoinfo/videoinfoplay.png</texturefocus>
			  <texturenofocus diffuse="videoinfo/buttondiffuse.png" colordiffuse="white3">Videoinfo/videoinfoplaynofocus.png</texturenofocus>    
			  <visible>true</visible>
			</control>  	
			<control type="button" id="299" description="Cinema">
			  <visible>Container.Content(Movies) + system.hasaddon(script.cinema.experience)</visible>
			  <height>150</height>
			  <width>150</width>
			  <texturefocus>info/CinemaFO.png</texturefocus>
			  <texturenofocus>info/Cinema.png</texturenofocus>
			  <onclick>Dialog.Close(all,true)</onclick>
			  <onclick>Playlist.Clear</onclick>
			  <onclick>RunScript(script.cinema.experience)</onclick>
			</control>
			<control type="button" id="11" description="Trailer">
			  <height>85</height>
			  <width>150</width>
			  <texturefocus diffuse="videoinfo/buttondiffuse.png">Videoinfo/videoinfotrailer.png</texturefocus>
			  <texturenofocus colordiffuse="white3" diffuse="videoinfo/buttondiffuse.png">Videoinfo/videoinfotrailernofocus.png</texturenofocus>    >
			<control type="button">
				<description>actor info button</description>
				<onclick>RunScript(script.metadata.actors,$INFO[Container(50).Listitem.Label])</onclick>
				<visible>true</visible>
			</control>	  
			</control>
			<control type="button" id="6" description="Refresh">
			  <height>85</height>
			  <width>150</width>
			  <texturefocus diffuse="videoinfo/buttondiffuse.png">Videoinfo/videoinforefresh.png</texturefocus>
			  <texturenofocus colordiffuse="white3" diffuse="videoinfo/buttondiffuse.png">Videoinfo/videoinforefreshnofocus.png</texturenofocus> 
			</control>
			<control type="button" id="10" description="Get Art">
			  <height>85</height>
			  <width>150</width>
			  <texturefocus diffuse="videoinfo/buttondiffuse.png">Videoinfo/videoinfogetart.png</texturefocus>
			  <texturenofocus colordiffuse="white3" diffuse="videoinfo/buttondiffuse.png">Videoinfo/videoinfogetartnofocus.png</texturenofocus> 
			</control>
		</control-->
		<control type="textbox" id="800">
			<left>390</left>
			<top>219</top>
			<width>850</width>
			<height>250</height>
			<textcolor>textcolor2</textcolor>
			<align>left</align>
			<label fallback="19055">[B]$INFO[Window.Property(TagLine),,[CR]][/B]$INFO[Window.Property(Plot)]</label>
			<font>font30</font>
			<autoscroll delay="10000" time="2000" repeat="10000">true</autoscroll>
		</control>
		<control type="group" description="Thumb">
			<!--animation effect="slide" start="-1500,0" end="0,0" delay="600" time="900" tween="sine">WindowOpen</animation>
			<animation effect="slide" end="-1500,0" time="900" tween="sine" condition="Control.HasFocus(132) | ControlGroup(5000).HasFocus">WindowClose</animation>
			<animation effect="slide" end="-749,0" time="450" tween="sine" easing="inout" condition="!Control.HasFocus(132) + !ControlGroup(5000).HasFocus">Conditional</animation-->
			<control type="image">
				<right>115</right>
				<top>72</top>
				<width>500</width>
				<height>600</height>
				<aspectratio>keep</aspectratio>
				<fadetime>300</fadetime>
				<texture>$INFO[Window.Property(Poster)]</texture>
			</control>
			<control type="image">
				<right>115</right>
				<top>72</top>
				<width>500</width>
				<height>600</height>
				<aspectratio>keep</aspectratio>
				<fadetime>300</fadetime>
				<visible>Stringcompare(Window.Property(type),episode)</visible>
				<texture>$INFO[Window.Property(still_original)]</texture>
			</control>
		</control>
		<control type="label" description="Heading">
			<left>390</left>
			<top>96</top>
			<width>1920</width>
			<height>35</height>
			<font>font45B</font>
			<textcolor>textcolor2</textcolor>
			<shadowcolor>-</shadowcolor>
			<align>left</align>
			<scroll>false</scroll>
			<label>$INFO[Window.Property(Title)]</label>
		</control>
		<control type="grouplist" id="4000">
			<orientation>vertical</orientation>
			<scrolltime tween="sine">400</scrolltime>
			<top>730</top>
			<itemgap>20</itemgap>
			<ondown>-</ondown>
			<!--animation type="Conditional" condition="!IsEmpty(Window.Property(Bounce.Down))" reversible="false">
				<effect type="slide" end="0,20" time="60" tween="sine" />
				<effect type="slide" end="0,-20" time="180" tween="sine" delay="80" />
			</animation>
			<animation type="Conditional" condition="!IsEmpty(Window.Property(Bounce.Up))" reversible="false">
				<effect type="slide" end="0,-20" time="60" tween="sine" />
				<effect type="slide" end="0,20" time="180" tween="sine" delay="80" />
			</animation-->
			<width>2100</width>
			<height>450</height>
			<control type="group" id="50111" description="Actors">
				<visible>true</visible>
				<height>400</height>
				<top>700</top>
				<!--control type="label">
					<posx>25</posx>
					<posy>6</posy>
					<width>1920</width>
					<height>25</height>
					<aligny>right</aligny>
					<font>font30</font>
					<textcolor>textcolor2</textcolor>
					<label>$LOCALIZE[206]$INFO[Container(1000).NumItems, (,)]</label>
				</control-->
				<control type="image">
					<posx>0</posx>
					<posy>200</posy>
					<width>28</width>
					<height>28</height>
					<texture colordiffuse="$INFO[Window(home).Property(ImageColor)]" flipx="true">arrowright.png</texture>
					<animation effect="slide" start="30,0" end="0,0" time="200">VisibleChange</animation>
					<animation effect="slide" start="-150" end="0" delay="640" time="320" tween="cubic">WindowOpen</animation>
					<visible>Container(1000).HasPrevious + Control.HasFocus(1000)</visible>
				</control>
				<control type="image">
					<posx>1883</posx>
					<posy>200</posy>
					<width>28</width>
					<height>28</height>
					<texture colordiffuse="$INFO[Window(home).Property(ImageColor)]">arrowright.png</texture>
					<animation effect="slide" start="-30,0" end="0,0" time="200">VisibleChange</animation>
					<animation effect="slide" start="150" end="0" delay="640" time="320" tween="cubic">WindowOpen</animation>
					<visible>Container(1000).HasNext + Control.HasFocus(1000)</visible>
				</control>
				<control type="panel" id="1000">
					<posx>-50</posx>
					<width>1970</width>
					<height>500</height>
					<onleft>1000</onleft>
					<onright>1000</onright>
					<onup>5000</onup>
					<ondown>750</ondown>
					<scrolltime>200</scrolltime>
					<orientation>horizontal</orientation>
					<!--animation type="WindowOpen" reversible="false">
					<effect type="slide" start="0,2080" end="0,0" delay="0" tween="sine" time="1800" />
					</animation-->
					<itemlayout height="500" width="270">
						<control type="group">
							<!--control type="image">
								<posy>0</posy>
								<posx>50</posx>
								<width>280</width>
								<height>380</height>
								<texture border="40" colordiffuse="$INFO[Window(home).Property(ImageColor)]" diffuse="images/logindiffuse.png">buttons/roundedbutton-nofocus.png</texture>
								<aspectratio scalediffuse="false">scale</aspectratio>
							</control-->
							<control type="group">
								<posx>77</posx>
								<posy>18</posy>
								<control type="image">
									<posy>10</posy>
									<width>256</width>
									<height>256</height>
									<texture fallback="DefaultActor.png" diffuse="images/logindiffuse.png">$INFO[ListItem.Thumb]</texture>
									<aspectratio scalediffuse="false">scale</aspectratio>
									<fadetime>0</fadetime>
								</control>
								<control type="image">
									<posy>10</posy>
									<width>256</width>
									<height>256</height>
									<texture fallback="DefaultVideo.png" diffuse="images/logindiffuse.png">common/black.png</texture>
									<animation effect="fade" start="100" end="0" time="0" condition="!Control.HasFocus(1000)">Conditional</animation>
									<animation effect="fade" end="30" time="0" condition="true">Conditional</animation>
									<aspectratio scalediffuse="false">scale</aspectratio>
								</control>
								<control type="textbox">
									<width>228</width>
									<posx>0</posx>
									<height>140</height>
									<posy>265</posy>
									<align>center</align>
									<font>font20</font>
									<textcolor>FFFAFAFA</textcolor>
									<animation effect="fade" start="100" end="70" time="0" condition="Control.HasFocus(1000)">Conditional</animation>
									<label>$INFO[ListItem.Label]$INFO[ListItem.Property(character),[COLOR FF999999][CR] $LOCALIZE[20347] ,[/COLOR]]</label>
								</control>
							</control>
						</control>
					</itemlayout>
					<focusedlayout height="500" width="270">
						<control type="group">
							<!--control type="image">
								<posy>0</posy>
								<posx>50</posx>
								<width>256</width>
								<height>256</height>
								<texture border="40" colordiffuse="$INFO[Window(home).Property(ImageColor)]" diffuse="images/logindiffuse.png">buttons/roundedbutton-focus.png</texture>
								<aspectratio scalediffuse="false">scale</aspectratio>
								<visible>Control.HasFocus(1000)</visible>
							</control-->
							<!--control type="image">
								<posy>0</posy>
								<posx>50</posx>
								<width>256</width>
								<height>256</height>
								<texture border="40" colordiffuse="$INFO[Window(home).Property(ImageColor)]" diffuse="images/logindiffuse.png">buttons/roundedbutton-nofocus.png</texture>
								<visible>!Control.HasFocus(1000)</visible>
								<aspectratio scalediffuse="false">scale</aspectratio>
							</control-->
							<control type="group">
								<posx>77</posx>
								<posy>18</posy>
								<control type="image">
									<posy>10</posy>
									<width>256</width>
									<height>256</height>
									<texture fallback="DefaultActor.png" diffuse="images/logindiffuse.png">$INFO[ListItem.Thumb]</texture>
									<aspectratio scalediffuse="false">scale</aspectratio>
									<fadetime>0</fadetime>
								</control>
								<control type="textbox">
									<width>228</width>
									<height>140</height>
									<posx>0</posx>
									<posy>265</posy>
									<align>center</align>
									<textcolor>FFFAFAFA</textcolor>
									<font>font20</font>
									<label>$INFO[ListItem.Label]$INFO[ListItem.Property(character),[COLOR FF999999][CR] $LOCALIZE[20347] ,[/COLOR]]</label>
									<autoscroll delay="5000" time="2000" repeat="8001">true</autoscroll>
								</control>
							</control>
						</control>
					</focusedlayout>
				</control>
			</control>
			<control type="group" id="54111" description="Crew">
				<visible>true</visible>
				<height>450</height>
				<!--control type="label">
					<posx>25</posx>
					<posy>6</posy>
					<width>500</width>
					<height>25</height>
					<aligny>center</aligny>
					<font>font13</font>
					<label>$ADDON[script.extendedinfo 32115]$INFO[Container(750).NumItems, (,)]</label>
				</control-->
				<control type="image">
					<posx>0</posx>
					<posy>200</posy>
					<width>28</width>
					<height>28</height>
					<texture colordiffuse="$INFO[Window(home).Property(ImageColor)]" flipx="true">arrowright.png</texture>
					<animation effect="slide" start="30,0" end="0,0" time="200">VisibleChange</animation>
					<animation effect="slide" start="-150" end="0" delay="640" time="320" tween="cubic">WindowOpen</animation>
					<visible>Container(750).HasPrevious + Control.HasFocus(750)</visible>
				</control>
				<control type="image">
					<posx>1883</posx>
					<posy>200</posy>
					<width>28</width>
					<height>28</height>
					<texture colordiffuse="$INFO[Window(home).Property(ImageColor)]">arrowright.png</texture>
					<animation effect="slide" start="-30,0" end="0,0" time="200">VisibleChange</animation>
					<animation effect="slide" start="150" end="0" delay="640" time="320" tween="cubic">WindowOpen</animation>
					<visible>Container(750).HasNext + Control.HasFocus(750)</visible>
				</control>
				<control type="panel" id="750">
					<posx>-50</posx>
					<width>1970</width>
					<height>500</height>
					<onleft>750</onleft>
					<onright>750</onright>
					<onup>1000</onup>
					<ondown>1250</ondown>
					<scrolltime>200</scrolltime>
					<orientation>horizontal</orientation>
					<animation type="WindowOpen" reversible="false">
						<effect type="slide" start="0,2080" end="0,0" delay="0" tween="sine" time="1800" />
					</animation>
					<itemlayout height="500" width="270">
						<control type="group">
							<!--control type="image">
								<posy>0</posy>
								<posx>50</posx>
								<width>280</width>
								<height>380</height>
								<texture border="40" colordiffuse="$INFO[Window(home).Property(ImageColor)]">buttons/roundedbutton-nofocus.png</texture>
							</control-->
							<control type="group">
								<posx>77</posx>
								<posy>18</posy>
								<control type="textbox">
									<posx>0</posx>
									<posy>100</posy>
									<width>224</width>
									<height>325</height>
									<textcolor>red</textcolor>
									<label>[B]$INFO[ListItem.Property(department)][/B]</label>
									<font>font30</font>
									<align>center</align>
								</control>
								<control type="image">
									<posy>10</posy>
									<width>256</width>
									<height>256</height>
									<texture diffuse="images/logindiffuse.png">$INFO[ListItem.Thumb]</texture>
									<aspectratio scalediffuse="false">scale</aspectratio>
								</control>
								<control type="image">
									<posy>10</posy>
									<width>256</width>
									<height>256</height>
									<texture fallback="DefaultVideo.png" diffuse="images/logindiffuse.png">common/black.png</texture>
									<animation effect="fade" start="100" end="0" time="200" condition="!Control.HasFocus(750)">Conditional</animation>
									<animation effect="fade" end="30" time="0" condition="true">Conditional</animation>
									<aspectratio scalediffuse="false">scale</aspectratio>
								</control>
								<control type="textbox">
									<posx>0</posx>
									<width>228</width>
									<height>140</height>
									<textcolor>textcolor2</textcolor>
									<posy>276</posy>
									<align>center</align>
									<font>font12</font>
									<label>$INFO[ListItem.Label]$INFO[ListItem.Property(job),[COLOR FF999999][CR],[/COLOR]]</label>
								</control>
							</control>
						</control>
					</itemlayout>
					<focusedlayout height="500" width="270">
							<control type="group">
								<!--control type="image">
									<posy>0</posy>
									<posx>50</posx>
									<width>256</width>
									<height>256</height>
									<texture border="40" colordiffuse="$INFO[Window(home).Property(ImageColor)]" diffuse="images/logindiffuse.png">buttons/roundedbutton-focus.png</texture>
									<visible>Control.HasFocus(750)</visible>
									<aspectratio scalediffuse="false">scale</aspectratio>
								</control>
								<control type="image">
									<posy>0</posy>
									<posx>50</posx>
									<width>256</width>
									<height>256</height>
									<texture border="40" colordiffuse="$INFO[Window(home).Property(ImageColor)]" diffuse="images/logindiffuse.png">buttons/roundedbutton-nofocus.png</texture>
									<visible>!Control.HasFocus(750)</visible>
									<aspectratio scalediffuse="false">scale</aspectratio>
							</control-->
							<control type="group">
								<posx>77</posx>
								<posy>18</posy>
								<control type="textbox">
									<posx>0</posx>
									<posy>100</posy>
									<width>224</width>
									<height>325</height>
									<textcolor>FFFAFAFA</textcolor>
									<label>[B]$INFO[ListItem.Property(department)][/B]</label>
									<font>font13</font>
									<align>center</align>
								</control>
								<control type="image">
									<posy>10</posy>
									<width>256</width>
									<height>256</height>
									<texture diffuse="images/logindiffuse.png">$INFO[ListItem.Thumb]</texture>
									<aspectratio scalediffuse="false">scale</aspectratio>
								</control>
								<control type="textbox">
									<posx>0</posx>
									<width>228</width>
									<textcolor>FFFAFAFA</textcolor>
									<height>140</height>
									<posy>340</posy>
									<align>center</align>
									<font>font12</font>
									<label>$INFO[ListItem.Label]$INFO[ListItem.Property(job),[COLOR FF999999][CR],[/COLOR]]</label>
									<autoscroll delay="5000" time="2000" repeat="8001">true</autoscroll>
								</control>
							</control>
						</control>
					</focusedlayout>
				</control>
			</control>	
			<control type="group" id="55111" description="Artwork">
				<height>450</height>
				<visible>true</visible>
				<control type="label">
					<posx>90</posx>
					<posy>10</posy>
					<width>500</width>
					<height>25</height>
					<aligny>left</aligny>
					<font>font24</font>
					<textcolor>textcolor2</textcolor>
					<label>$ADDON[script.extendedinfo 32119]$INFO[Container(1250).NumItems, (,)]</label>
				</control>
				<control type="image">
					<posx>0</posx>
					<posy>200</posy>
					<width>28</width>
					<height>28</height>
					<texture colordiffuse="$INFO[Window(home).Property(ImageColor)]" flipx="true">arrowright.png</texture>
					<animation effect="slide" start="30,0" end="0,0" time="200">VisibleChange</animation>
					<animation effect="slide" start="-150" end="0" delay="640" time="320" tween="cubic">WindowOpen</animation>
					<visible>Container(1250).HasPrevious + Control.HasFocus(1250)</visible>
				</control>
				<control type="image">
					<posx>1883</posx>
					<posy>200</posy>
					<width>28</width>
					<height>28</height>
					<texture colordiffuse="$INFO[Window(home).Property(ImageColor)]">arrowright.png</texture>
					<animation effect="slide" start="-30,0" end="0,0" time="200">VisibleChange</animation>
					<animation effect="slide" start="150" end="0" delay="640" time="320" tween="cubic">WindowOpen</animation>
					<visible>Container(1250).HasNext + Control.HasFocus(1250)</visible>
				</control>
				<control type="panel" id="1250">
					<posy>0</posy>
					<width>1950</width>
					<height>400</height>
					<onleft>1250</onleft>
					<onright>1250</onright>
					<onup>950</onup>
					<ondown>1350</ondown>
					<scrolltime>200</scrolltime>
					<orientation>horizontal</orientation>
					<!--animation type="WindowOpen" reversible="false">
						<effect type="slide" start="0,1080" end="0,0" delay="0" tween="sine" time="1300" />
					</animation-->
					<itemlayout height="220" width="180">
						<control type="group">
							<!--control type="image">
								<posy>0</posy>
								<posx>50</posx>
								<width>280</width>
								<height>380</height>
								<texture border="40" colordiffuse="$INFO[Window(home).Property(ImageColor)]">buttons/roundedbutton-nofocus.png</texture>
							</control-->
							<control type="image">
								<posx>86</posx>
								<posy>60</posy>
								<width>150</width>
								<height>220</height>
								<texture background="true" fallback="DefaultVideo.png">$INFO[ListItem.Thumb]</texture>
								<aspectratio aligny="center">scale</aspectratio>
								<fadetime>0</fadetime>
							</control>
							<control type="image">
								<posx>86</posx>
								<posy>60</posy>
								<width>150</width>
								<height>220</height>
								<texture fallback="DefaultVideo.png">common/black.png</texture>
								<animation effect="fade" start="100" end="0" time="200" condition="!Control.HasFocus(1250)">Conditional</animation>
								<animation effect="fade" end="30" time="0" condition="true">Conditional</animation>
								<aspectratio aligny="center">scale</aspectratio>
							</control>
						</control>
					</itemlayout>
					<focusedlayout height="295" width="198">
						<control type="group">
							<!--control type="image">
								<posy>0</posy>
								<posx>50</posx>
								<width>280</width>
								<height>380</height>
								<texture border="40" colordiffuse="$INFO[Window(home).Property(ImageColor)]">buttons/roundedbutton-nofocus.png</texture>
							</control-->
							<!--control type="image">
								<posy>0</posy>
								<posx>45</posx>
								<width>195</width>
								<height>295</height>
								<texture border="40" colordiffuse="$INFO[Window(home).Property(ImageColor)]">buttons/roundedbutton-focus.png</texture>
								<animation effect="fade" start="0" end="100" time="160">Focus</animation>
								<animation effect="fade" start="0" end="100" time="0">UnFocus</animation>
							</control-->
							<control type="image">
								<posx>64</posx>
								<posy>22</posy>
								<width>195</width>
								<height>295</height>
								<texture background="true" fallback="DefaultVideo.png">$INFO[ListItem.Thumb]</texture>
								<aspectratio aligny="center">scale</aspectratio>
								<fadetime>0</fadetime>
							</control>
						</control>
					</focusedlayout>
				</control>
			</control>
			<control type="group" id="56111" description="Fanart">
				<height>450</height>
				<visible>true</visible> <!--IntegerGreaterThan(Container(1350).NumItems,0)</visible-->
				<control type="label">
					<posx>90</posx>
					<posy>40</posy>
					<width>500</width>
					<height>25</height>
					<aligny>left</aligny>
					<font>font24</font>
					<label>$LOCALIZE[20445]$INFO[Container(1350).NumItems, (,)]</label>
				</control>
				<control type="image">
					<posx>0</posx>
					<posy>200</posy>
					<width>28</width>
					<height>28</height>
					<texture colordiffuse="$INFO[Window(home).Property(ImageColor)]" flipx="true">arrowright.png</texture>
					<animation effect="slide" start="30,0" end="0,0" time="200">VisibleChange</animation>
					<animation effect="slide" start="-150" end="0" delay="640" time="320" tween="cubic">WindowOpen</animation>
					<visible>Container(1350).HasPrevious + Control.HasFocus(1350)</visible>
				</control>
				<control type="image">
					<posx>1883</posx>
					<posy>200</posy>
					<width>28</width>
					<height>28</height>
					<texture colordiffuse="$INFO[Window(home).Property(ImageColor)]">arrowright.png</texture>
					<animation effect="slide" start="-30,0" end="0,0" time="200">VisibleChange</animation>
					<animation effect="slide" start="150" end="0" delay="640" time="320" tween="cubic">WindowOpen</animation>
					<visible>Container(1350).HasNext + Control.HasFocus(1350)</visible>
				</control>
				<control type="panel" id="1350">
					<posy>82</posy>
					<posx>15</posx>
					<width>1998</width>
					<height>400</height>
					<onleft>1350</onleft>
					<onright>1350</onright>
					<onup>1250</onup>
					<ondown>450</ondown>
					<scrolltime>200</scrolltime>
					<orientation>horizontal</orientation>
					<!--animation type="WindowOpen" reversible="false">
					<effect type="slide" start="0,1080" end="0,0" delay="0" tween="sine" time="1300" />
					</animation-->
					<itemlayout height="270" width="359">
						<control type="group">
							<!--control type="image">
								<posy>0</posy>
								<posx>50</posx>
								<width>560</width>
								<height>380</height>
								<texture border="40" colordiffuse="$INFO[Window(home).Property(ImageColor)]">buttons/roundedbutton-nofocus.png</texture>
							</control-->
							<control type="image">
								<posx>77</posx>
								<posy>28</posy>
								<width>300</width>
								<height>170</height>
								<texture background="true" fallback="DefaultVideo.png">$INFO[ListItem.Thumb]</texture>
								<aspectratio aligny="center">scale</aspectratio>
								<fadetime>200</fadetime>
							</control>
							<!--control type="image">
								<posx>77</posx>
								<posy>28</posy>
								<width>505</width>
								<height>325</height>
								<texture fallback="DefaultVideo.png">common/black.png</texture>
								<animation effect="fade" start="100" end="0" time="200" condition="!Control.HasFocus(1350)">Conditional</animation>
								<animation effect="fade" end="30" time="0" condition="true">Conditional</animation>
								<aspectratio aligny="center">scale</aspectratio>
							</control-->
						</control>
					</itemlayout>
					<focusedlayout height="400" width="666">
						<control type="group">
							<!--control type="image">
								<posy>0</posy>
								<posx>50</posx>
								<width>560</width>
								<height>380</height>
								<texture border="40" colordiffuse="$INFO[Window(home).Property(ImageColor)]">buttons/roundedbutton-nofocus.png</texture>
							</control-->
							<!--control type="image">
								<posy>0</posy>
								<posx>50</posx>
								<width>560</width>
								<height>380</height>
								<texture border="40" colordiffuse="$INFO[Window(home).Property(ImageColor)]">buttons/roundedbutton-focus.png</texture>
								<animation effect="fade" start="0" end="100" time="160">Focus</animation>
								<animation effect="fade" start="0" end="100" time="0">UnFocus</animation>
							</control-->
							<control type="image">
								<posx>27</posx>
								<posy>-2</posy>
								<width>400</width>
								<height>227</height>
								<texture background="true" fallback="DefaultVideo.png">$INFO[ListItem.Thumb]</texture>
								<aspectratio aligny="center">scale</aspectratio>
								<fadetime>200</fadetime>
							</control>
						</control>
					</focusedlayout>
				</control>
			</control>	
		</control>
	</controls>
</window>
