<?xml version="1.0" encoding="UTF-8"?>
<window>
  <allowoverlay>no</allowoverlay>
  <animation type="WindowOpen" reversible="true">
    <effect type="zoom" start="500" end="100" center="960,540" time="200" />
    <effect type="fade" start="0" end="100" time="200" />
  </animation>
  <animation type="WindowClose" reversible="false">
    <effect type="zoom" start="100" end="300" center="960,540" easing="in" tween="back" time="300" />
    <effect type="fade" start="100" end="0" time="300" />
  </animation>
  <controls>
    <control type="image">
      <description>Info Background</description>
      <width>1920</width>
      <height>1080</height>
      <texture>pstvBack.png</texture>
    </control>
    <control type="group">
      <left>200</left>
      <top>60</top>
      <width>1520</width>
      <height>200</height>
      <itemgap>20</itemgap>
      <control type="label" id="500">
        <description>Show Name Label</description>
        <width>1520</width>
        <height>60</height>
        <label>Show Name</label>
        <font>font42B</font>
        <align>center</align>
        <textcolor>Yellow</textcolor>
      </control>
      <control type="label" id="501">
        <description>Show Title Label</description>
        <top>40</top>
        <width>1520</width>
        <height>60</height>
        <label>Show Title</label>
        <font>font30</font>
        <align>center</align>
        <textcolor>Grey</textcolor>
      </control>
    </control>
    <control type="label" id="502">
      <description>Show Description Label</description>
      <left>450</left>
      <top>150</top>
      <width>1100</width>
      <height>290</height>
      <label>Show Description</label>
      <font>font24</font>
      <align>left</align>
      <aligny>top</aligny>
      <textcolor>FFFFFFFF</textcolor>
      <wrapmultiline>true</wrapmultiline>
    </control>
    <control type="image" id="503">
      <description>Show Channel Icon</description>
      <left>1620</left>
      <top>70</top>
      <width>250</width>
      <height>150</height>
      <aspectratio>scale</aspectratio>
      <aligny>top</aligny>
    </control>
    <control type="label" id="101">
      <description>Time 1 Label</description>
      <left>410</left>
      <top>400</top>
      <width>270</width>
      <height>26</height>
      <label>Time 1</label>
      <font>font24</font>
      <align>left</align>
      <aligny>center</aligny>
      <textcolor>FFFFFFFF</textcolor>
    </control>
    <control type="label" id="102">
      <description>Time 2 Label</description>
      <left>1050</left>
      <top>400</top>
      <width>270</width>
      <height>26</height>
      <label>Time 2</label>
      <font>font24</font>
      <align>left</align>
      <aligny>center</aligny>
      <textcolor>FFFFFFFF</textcolor>
    </control>
    <control type="label" id="103">
      <description>Time 3 Label</description>
      <left>1700</left>
      <top>400</top>
      <width>270</width>
      <height>26</height>
      <label>Time 2</label>
      <font>font24</font>
      <align>left</align>
      <aligny>center</aligny>
      <textcolor>FFFFFFFF</textcolor>
    </control>
    <control type="label" id="104"></control>
    <control type="label" description="Clock">
      <visible>Skin.HasSetting(ShowClock)</visible>
      <left>50</left>
      <top>20</top>
      <width>500</width>
      <height>45</height>
      <align>right</align>
      <font>font30</font>
      <textcolor>White</textcolor>
      <label>$INFO[System.Time] $INFO[System.Date]</label>
    </control>
    
    <!--SHOW LISTINGS-->
    
    <control type="group" id="111">
      <left>400</left>
      <top>450</top>
      <width>1400</width>
      <height>70</height>
    </control>
    <control type="group" id="112">
      <left>400</left>
      <top>540</top>
      <width>1400</width>
      <height>70</height>
    </control>
    <control type="group" id="113">
      <left>400</left>
      <top>630</top>
      <width>1400</width>
      <height>70</height>
    </control>
    <control type="group" id="114">
      <left>400</left>
      <top>720</top>
      <width>1400</width>
      <height>70</height>
    </control>
    <control type="group" id="115">
      <left>400</left>
      <top>810</top>
      <width>1400</width>
      <height>70</height>
    </control>
    <control type="group" id="116">
      <left>400</left>
      <top>900</top>
      <width>1400</width>
      <height>70</height>
    </control>
    <control type="image" id="120">
      <left>400</left>
      <top>360</top>
      <width>20</width>
      <height>630</height>
    </control>
    
    <!--CHANNEL BUTTONS AND LABELS-->
    
    <control type="label" id="301">
      <description>Channel 1 Name</description>
      <left>150</left>
      <top>450</top>
      <width>250</width>
      <height>70</height>
      <label>Channel</label>
      <font>font24</font>
      <align>left</align>
      <aligny>center</aligny>
      <textcolor>FFFFFFFF</textcolor>
    </control>
    <control type="label" id="311">
      <description>Channel 1 Number</description>
      <left>140</left>
      <top>450</top>
      <width>30</width>
      <height>70</height>
      <label>1</label>
      <font>font24</font>
      <align>right</align>
      <aligny>center</aligny>
      <textcolor>FFFFFFFF</textcolor>
    </control>
    
    <!--<control type="image" id="321">
            <description>Channel 1 Icon</description>
            <left>4</left>
            <top>204</top>
            <width>30</width>
            <height>30</height>
            <texture></texture>
            <colordiffuse>FFFFFFFF</colordiffuse>
        </control>-->
    
    <control type="label" id="302">
      <description>Channel 2 Name</description>
      <left>150</left>
      <top>540</top>
      <width>250</width>
      <height>70</height>
      <label>Channel</label>
      <font>font24</font>
      <align>left</align>
      <aligny>center</aligny>
      <textcolor>FFFFFFFF</textcolor>
    </control>
    <control type="label" id="312">
      <description>Channel 2 Number</description>
      <left>140</left>
      <top>540</top>
      <width>30</width>
      <height>70</height>
      <label>2</label>
      <font>font24</font>
      <align>right</align>
      <aligny>center</aligny>
      <textcolor>FFFFFFFF</textcolor>
    </control>
    
    <!--<control type="image" id="322">
            <description>Channel 2 Icon</description>
            <left>4</left>
            <top>368</top>
            <width>74</width>
            <height>74</height>
            <texture></texture>
            <colordiffuse>FFFFFFFF</colordiffuse>
        </control>-->
    
    <control type="label" id="303">
      <description>Channel 3 Name</description>
      <left>150</left>
      <top>630</top>
      <width>250</width>
      <height>70</height>
      <label>Channel</label>
      <font>font24</font>
      <align>left</align>
      <aligny>center</aligny>
      <textcolor>FFFFFFFF</textcolor>
    </control>
    <control type="label" id="313">
      <description>Channel 3 Number</description>
      <left>140</left>
      <top>630</top>
      <width>30</width>
      <height>70</height>
      <label>3</label>
      <font>font24</font>
      <align>right</align>
      <aligny>center</aligny>
      <textcolor>FFFFFFFF</textcolor>
    </control>
    
    <!--<control type="image" id="323">
            <description>Channel 3 Icon</description>
            <left>4</left>
            <top>448</top>
            <width>74</width>
            <height>74</height>
            <texture></texture>
            <colordiffuse>FFFFFFFF</colordiffuse>
        </control>-->
    
    <control type="label" id="304">
      <description>Channel 4 Name</description>
      <left>150</left>
      <top>720</top>
      <width>250</width>
      <height>70</height>
      <label>Channel</label>
      <font>font24</font>
      <align>left</align>
      <aligny>center</aligny>
      <textcolor>FFFFFFFF</textcolor>
    </control>
    <control type="label" id="314">
      <description>Channel 4 Number</description>
      <left>140</left>
      <top>720</top>
      <width>30</width>
      <height>70</height>
      <label>4</label>
      <font>font24</font>
      <align>right</align>
      <aligny>center</aligny>
      <textcolor>FFFFFFFF</textcolor>
    </control>
    
    <!--<control type="image" id="324">
            <description>Channel 4 Icon</description>
            <left>4</left>
            <top>528</top>
            <width>74</width>
            <height>74</height>
            <texture></texture>
            <colordiffuse>FFFFFFFF</colordiffuse>
        </control>-->
    
    <control type="label" id="305">
      <description>Channel 5 Name</description>
      <left>150</left>
      <top>810</top>
      <width>250</width>
      <height>70</height>
      <label>Channel</label>
      <font>font24</font>
      <align>left</align>
      <aligny>center</aligny>
      <textcolor>FFFFFFFF</textcolor>
    </control>
    <control type="label" id="315">
      <description>Channel 5 Number</description>
      <left>140</left>
      <top>810</top>
      <width>30</width>
      <height>70</height>
      <label>5</label>
      <font>font24</font>
      <align>right</align>
      <aligny>center</aligny>
      <textcolor>FFFFFFFF</textcolor>
    </control>
    
    <!--<control type="image" id="325">
            <description>Channel 5 Icon</description>
            <left>4</left>
            <top>608</top>
            <width>74</width>
            <height>74</height>
            <texture></texture>
            <colordiffuse>FFFFFFFF</colordiffuse>
        </control>-->
    
    <control type="label" id="306">
      <description>Channel 6 Name</description>
      <left>150</left>
      <top>900</top>
      <width>250</width>
      <height>70</height>
      <label>Channel</label>
      <font>font24</font>
      <align>left</align>
      <aligny>center</aligny>
      <textcolor>FFFFFFFF</textcolor>
    </control>
    <control type="label" id="316">
      <description>Channel 6 Number</description>
      <left>140</left>
      <top>900</top>
      <width>30</width>
      <height>70</height>
      <label>6</label>
      <font>font24</font>
      <align>right</align>
      <aligny>center</aligny>
      <textcolor>FFFFFFFF</textcolor>
    </control>
    
    <!--<control type="image" id="326">
            <description>Channel 6 Icon</description>
            <left>4</left>
            <top>608</top>
            <width>74</width>
            <height>74</height>
            <texture></texture>
            <colordiffuse>FFFFFFFF</colordiffuse>
        </control>-->
  </controls>
</window>
